name,location,distance,start_date,end_date,category,search_location,search_time
Tournoi 30/2 à 30/1,"TENNIS CLUB WISSOUS 91, WISSOUS","3,1 km",20/oct/2022,31/août/2023,SM,"Massy, 91, Essonne, Île-de-France",2022-10-27 17:12:57
Tournoi interne 30 à 15/2,"TENNIS CLUB WISSOUS 91, WISSOUS","3,1 km",1/oct/2022,31/août/2023,SM,"Massy, 91, Essonne, Île-de-France",2022-10-27 17:12:57
Tournoi interne,"TENNIS CLUB WISSOUS 91, WISSOUS","3,1 km",1/oct/2022,31/août/2023,SD / SM,"Massy, 91, Essonne, Île-de-France",2022-10-27 17:12:57
Tournoi interne TCMCM,"T.C.M. CHILLY-MAZARIN, CHILLY MAZARIN","3,3 km",10/déc/2022,23/avr/2023,DD / SD / DM / SM,"Massy, 91, Essonne, Île-de-France",2022-10-27 17:12:57
"Tournoi journée Nov / Déc 2022 ""NC à 15/1""","T.C.M. CHILLY-MAZARIN, CHILLY MAZARIN","3,3 km",29/oct/2022,4/déc/2022,SM,"Massy, 91, Essonne, Île-de-France",2022-10-27 17:12:58
"Tournoi journée Nov / Déc 2022 ""15/3 à -4/6""","T.C.M. CHILLY-MAZARIN, CHILLY MAZARIN","3,3 km",29/oct/2022,4/déc/2022,SM,"Massy, 91, Essonne, Île-de-France",2022-10-27 17:12:58
TC Longjumeau - Tournoi Interne,"T.C. LONGJUMEAU, LONGJUMEAU","3,6 km",1/nov/2022,30/juin/2023,SD / SM,"Massy, 91, Essonne, Île-de-France",2022-10-27 17:12:58
TMC jeunes balles vertes au TC IGNY,"T.C. IGNY, IGNY","4,0 km",27/oct/2022,28/oct/2022,SD / SM,"Massy, 91, Essonne, Île-de-France",2022-10-27 17:12:58
Tournoi interne Dames & Messieurs 30 à 4/6,"T.C. IGNY, IGNY","4,0 km",26/sept/2022,25/juin/2023,SD / SM,"Massy, 91, Essonne, Île-de-France",2022-10-27 17:12:59
Tournoi interne Dames & Messieurs NC à 30/1,"T.C. IGNY, IGNY","4,0 km",26/sept/2022,25/juin/2023,SD / SM,"Massy, 91, Essonne, Île-de-France",2022-10-27 17:12:59
MORANGIS Toussaint 15/5 à 0 - Matchs qu'en journée,"T.M. MORANGIS, MORANGIS","4,5 km",20/oct/2022,6/nov/2022,SM,"Massy, 91, Essonne, Île-de-France",2022-10-27 17:12:59
Tournoi interne Morangis 2023,"T.M. MORANGIS, MORANGIS","4,5 km",7/nov/2022,2/juil/2023,SM,"Massy, 91, Essonne, Île-de-France",2022-10-27 17:12:59
Tournoi MORANGIS Toussaint NC à 15,"T.M. MORANGIS, MORANGIS","4,5 km",21/oct/2022,6/nov/2022,SD / SM,"Massy, 91, Essonne, Île-de-France",2022-10-27 17:12:59
Tournoi Open Seniors Toussaint,"T.C. VILLEBON, VILLEBON SUR YVETTE","4,7 km",22/oct/2022,6/nov/2022,SD / SM,"Massy, 91, Essonne, Île-de-France",2022-10-27 17:13:00
TMC CHATENAY MALABRY 11/12 ans,"CHATENAY-MALABRY TENNIS, CHATENAY MALABRY","4,8 km",4/nov/2022,5/nov/2022,SM,"Massy, 91, Essonne, Île-de-France",2022-10-27 17:13:00
CHATENAY MALABRY TMC MIXTE 8/10 VERT,"CHATENAY-MALABRY TENNIS, CHATENAY MALABRY","4,8 km",27/oct/2022,29/oct/2022,SM,"Massy, 91, Essonne, Île-de-France",2022-10-27 17:13:00
CHATENAY MALABRY TMC MIXTE 8/10 VERT,"CHATENAY-MALABRY TENNIS, CHATENAY MALABRY","4,8 km",2/nov/2022,3/nov/2022,SM,"Massy, 91, Essonne, Île-de-France",2022-10-27 17:13:00
CHATENAY MALABRY TMC H 30/3 15/5,"CHATENAY-MALABRY TENNIS, CHATENAY MALABRY","4,8 km",3/nov/2022,5/nov/2022,SM,"Massy, 91, Essonne, Île-de-France",2022-10-27 17:13:00
Tournoi de Paray adultes NC 15/1,"T.C. PARAY TENNIS, PARAY VIEILLE POSTE","6,4 km",21/oct/2022,13/nov/2022,SD / SM,"Massy, 91, Essonne, Île-de-France",2022-10-27 17:13:01
Tournoi de Paray jeunes NC 15/1,"T.C. PARAY TENNIS, PARAY VIEILLE POSTE","6,4 km",22/oct/2022,6/nov/2022,SD / SM,"Massy, 91, Essonne, Île-de-France",2022-10-27 17:13:01
tournoi interne,"SCEAUX (TC), SCEAUX","6,7 km",13/nov/2022,18/juin/2023,SD / SM,"Massy, 91, Essonne, Île-de-France",2022-10-27 17:13:01
Tournoi interne CT Villejust,"C.T. VILLEJUST, VILLEJUST","6,9 km",1/oct/2022,28/avr/2023,SD / SM,"Massy, 91, Essonne, Île-de-France",2022-10-27 17:13:01
Tournois jeunes,"BOURG LA REINE (AS), BOURG LA REINE","7,1 km",18/déc/2022,1/janv/2023,SD / SM,"Massy, 91, Essonne, Île-de-France",2022-10-27 17:13:01
TMC ADULTES femmes,"BOURG LA REINE (AS), BOURG LA REINE","7,1 km",25/déc/2022,1/janv/2023,SD,"Massy, 91, Essonne, Île-de-France",2022-10-27 17:13:02
Tournoi 8/10 ans orange,"BOURG LA REINE (AS), BOURG LA REINE","7,1 km",18/déc/2022,24/déc/2022,SD / SM,"Massy, 91, Essonne, Île-de-France",2022-10-27 17:13:02
Tournois jeunes 11/12 - 15/16 ans,"BOURG LA REINE (AS), BOURG LA REINE","7,1 km",23/oct/2022,6/nov/2022,SD / SM,"Massy, 91, Essonne, Île-de-France",2022-10-27 17:13:02
Pré-Qualif Petits AS 13/14 ans,"BOURG LA REINE (AS), BOURG LA REINE","7,1 km",23/oct/2022,6/nov/2022,SD / SM,"Massy, 91, Essonne, Île-de-France",2022-10-27 17:13:02
Tournoi 8/10 ans vert,"BOURG LA REINE (AS), BOURG LA REINE","7,1 km",25/déc/2022,1/janv/2023,SD / SM,"Massy, 91, Essonne, Île-de-France",2022-10-27 17:13:02
Tournois jeunes,"BOURG LA REINE (AS), BOURG LA REINE","7,1 km",18/déc/2022,24/déc/2022,SD / SM,"Massy, 91, Essonne, Île-de-France",2022-10-27 17:13:03
TMC ADULTES Hommes,"BOURG LA REINE (AS), BOURG LA REINE","7,1 km",25/déc/2022,1/janv/2023,SM,"Massy, 91, Essonne, Île-de-France",2022-10-27 17:13:03
Tournoi adulte journée,"BOURG LA REINE (AS), BOURG LA REINE","7,1 km",7/nov/2022,16/déc/2022,SD / SM,"Massy, 91, Essonne, Île-de-France",2022-10-27 17:13:05
Tournoi Orsay limité à 15/2,"T.C. ORSAY, ORSAY","8,0 km",11/déc/2022,8/janv/2023,SD / SM,"Massy, 91, Essonne, Île-de-France",2022-10-27 17:13:05
Tournoi Orsay 15/5 à -2/6,"T.C. ORSAY, ORSAY","8,0 km",11/déc/2022,8/janv/2023,SD / SM,"Massy, 91, Essonne, Île-de-France",2022-10-27 17:13:05
T.C.ORSAY MASTER TOUR,"T.C. ORSAY, ORSAY","8,0 km",29/oct/2022,30/oct/2022,SM,"Massy, 91, Essonne, Île-de-France",2022-10-27 17:13:06
T.C.ORSAY MASTER TOUR,"T.C. ORSAY, ORSAY","8,0 km",29/oct/2022,30/oct/2022,SD,"Massy, 91, Essonne, Île-de-France",2022-10-27 17:13:06
Tournoi interne TCO,"T.C. ORSAY, ORSAY","8,0 km",7/nov/2022,18/juin/2023,SD / SM,"Massy, 91, Essonne, Île-de-France",2022-10-27 17:13:06
T.C.ORSAY MASTER TOUR,"T.C. ORSAY, ORSAY","8,0 km",27/oct/2022,28/oct/2022,SM,"Massy, 91, Essonne, Île-de-France",2022-10-27 17:13:06
UM RUBIS Bagneux 13/14 limité 30/1,"BAGNEUX (COM), BAGNEUX","8,0 km",23/oct/2022,29/oct/2022,SM,"Massy, 91, Essonne, Île-de-France",2022-10-27 17:13:06
UM RUBIS Bagneux TMC 15/18 limité 30/1,"BAGNEUX (COM), BAGNEUX","8,0 km",29/oct/2022,30/oct/2022,SM,"Massy, 91, Essonne, Île-de-France",2022-10-27 17:13:07
UM RUBIS Bagneux TMC limité 30/3 F,"BAGNEUX (COM), BAGNEUX","8,0 km",30/oct/2022,30/oct/2022,SD,"Massy, 91, Essonne, Île-de-France",2022-10-27 17:13:07
UM RUBIS Bagneux TMC limité 30 H,"BAGNEUX (COM), BAGNEUX","8,0 km",5/nov/2022,6/nov/2022,SM,"Massy, 91, Essonne, Île-de-France",2022-10-27 17:13:07
UM RUBIS Bagneux TMC 13/14,"BAGNEUX (COM), BAGNEUX","8,0 km",21/déc/2022,23/déc/2022,SD / SM,"Massy, 91, Essonne, Île-de-France",2022-10-27 17:13:07
UM RUBIS Bagneux 15/18 F & 15/18 H limité 30/1,"BAGNEUX (COM), BAGNEUX","8,0 km",26/déc/2022,2/janv/2023,SD / SM,"Massy, 91, Essonne, Île-de-France",2022-10-27 17:13:07
UM RUBIS Bagneux TMC F limité 3/6,"BAGNEUX (COM), BAGNEUX","8,0 km",20/déc/2022,21/déc/2022,SD,"Massy, 91, Essonne, Île-de-France",2022-10-27 17:13:07
UM RUBIS Bagneux TMC H limité 15,"BAGNEUX (COM), BAGNEUX","8,0 km",28/déc/2022,30/déc/2022,SM,"Massy, 91, Essonne, Île-de-France",2022-10-27 17:13:08
UM RUBIS Bagneux 15/18 H,"BAGNEUX (COM), BAGNEUX","8,0 km",18/déc/2022,24/déc/2022,SM,"Massy, 91, Essonne, Île-de-France",2022-10-27 17:13:08
UM RUBIS Bagneux TMC H limité 15/3,"BAGNEUX (COM), BAGNEUX","8,0 km",31/déc/2022,2/janv/2023,SM,"Massy, 91, Essonne, Île-de-France",2022-10-27 17:13:08
UM RUBIS Bagneux TMC 15/18,"BAGNEUX (COM), BAGNEUX","8,0 km",31/oct/2022,2/nov/2022,SD / SM,"Massy, 91, Essonne, Île-de-France",2022-10-27 17:13:08
UM RUBIS Bagneux TMC 11/12 et 15/18,"BAGNEUX (COM), BAGNEUX","8,0 km",23/oct/2022,28/oct/2022,SD / SM,"Massy, 91, Essonne, Île-de-France",2022-10-27 17:13:08
UM RUBIS Bagneux OPEN,"BAGNEUX (COM), BAGNEUX","8,0 km",23/oct/2022,6/nov/2022,SD / SM,"Massy, 91, Essonne, Île-de-France",2022-10-27 17:13:09
UM RUBIS Bagneux TMC limité 30/3 H,"BAGNEUX (COM), BAGNEUX","8,0 km",29/oct/2022,29/oct/2022,SM,"Massy, 91, Essonne, Île-de-France",2022-10-27 17:13:09
UM RUBIS Bagneux 13/14,"BAGNEUX (COM), BAGNEUX","8,0 km",28/oct/2022,6/nov/2022,SD / SM,"Massy, 91, Essonne, Île-de-France",2022-10-27 17:13:09
UM RUBIS Bagneux TMC H limité 1/6,"BAGNEUX (COM), BAGNEUX","8,0 km",18/déc/2022,20/déc/2022,SM,"Massy, 91, Essonne, Île-de-France",2022-10-27 17:13:09
UM RUBIS Bagneux TMC limité 3/6 H,"BAGNEUX (COM), BAGNEUX","8,0 km",3/nov/2022,4/nov/2022,SM,"Massy, 91, Essonne, Île-de-France",2022-10-27 17:13:09
UM RUBIS Bagneux TMC 11/12,"BAGNEUX (COM), BAGNEUX","8,0 km",26/déc/2022,28/déc/2022,SD / SM,"Massy, 91, Essonne, Île-de-France",2022-10-27 17:13:09
UM RUBIS Bagneux limité 30,"BAGNEUX (COM), BAGNEUX","8,0 km",18/déc/2022,2/janv/2023,SD / SM,"Massy, 91, Essonne, Île-de-France",2022-10-27 17:13:10
UM RUBIS Bagneux OPEN,"BAGNEUX (COM), BAGNEUX","8,0 km",18/déc/2022,2/janv/2023,SD / SM,"Massy, 91, Essonne, Île-de-France",2022-10-27 17:13:10
UM RUBIS Bagneux TMC limité 30 F,"BAGNEUX (COM), BAGNEUX","8,0 km",5/nov/2022,6/nov/2022,SD,"Massy, 91, Essonne, Île-de-France",2022-10-27 17:13:10
L' Hayween - 40 à 15/1,"C.A.L. TC L'HAY LES ROSES, L HAY LES ROSES","8,1 km",23/oct/2022,6/nov/2022,SD / SM,"Massy, 91, Essonne, Île-de-France",2022-10-27 17:13:10
OPEN DE NOEL L'Haÿ-les-Roses,"C.A.L. TC L'HAY LES ROSES, L HAY LES ROSES","8,1 km",15/déc/2022,28/déc/2022,SM,"Massy, 91, Essonne, Île-de-France",2022-10-27 17:13:10
NC -> 4/6 l'Haÿ-les-Roses,"C.A.L. TC L'HAY LES ROSES, L HAY LES ROSES","8,1 km",15/déc/2022,31/déc/2022,SM,"Massy, 91, Essonne, Île-de-France",2022-10-27 17:13:12
13ème CNGT l'Haÿ-les-Roses,"C.A.L. TC L'HAY LES ROSES, L HAY LES ROSES","8,1 km",15/déc/2022,31/déc/2022,SD,"Massy, 91, Essonne, Île-de-France",2022-10-27 17:13:13
TMC 4ème série,"C.O. SACLAY, SACLAY","8,5 km",19/nov/2022,20/nov/2022,SM,"Massy, 91, Essonne, Île-de-France",2022-10-27 17:13:13
Tournoi Interne Saclay Tennis,"C.O. SACLAY, SACLAY","8,5 km",5/déc/2022,30/juin/2023,SD / SM,"Massy, 91, Essonne, Île-de-France",2022-10-27 17:13:13
TMC Vert - TC Morsaintois,"TENNIS CLUB MORSAINTOIS, MORSANG SUR ORGE","8,7 km",27/oct/2022,29/oct/2022,SM,"Massy, 91, Essonne, Île-de-France",2022-10-27 17:13:13
TMC 15/18 ans Filles 30/3 - 15/3,"ARSENAL CHATILLON (TC), CHATILLON","8,8 km",28/oct/2022,28/oct/2022,SD,"Massy, 91, Essonne, Île-de-France",2022-10-27 17:13:13
TMC Messieurs 30 - 15/3,"ARSENAL CHATILLON (TC), CHATILLON","8,8 km",29/oct/2022,29/oct/2022,SM,"Massy, 91, Essonne, Île-de-France",2022-10-27 17:13:13
TMC Dames 4ème série,"ARSENAL CHATILLON (TC), CHATILLON","8,8 km",30/oct/2022,30/oct/2022,SD,"Massy, 91, Essonne, Île-de-France",2022-10-27 17:13:13
TMC 15/16 ans Garçons 4ème série,"ARSENAL CHATILLON (TC), CHATILLON","8,8 km",27/oct/2022,27/oct/2022,SM,"Massy, 91, Essonne, Île-de-France",2022-10-27 17:13:14
Tournoi Automne Athis-Mons,"U.S.O. ATHIS MONS, ATHIS MONS","9,2 km",7/nov/2022,18/déc/2022,SD / SM,"Massy, 91, Essonne, Île-de-France",2022-10-27 17:13:14
TMC HOMMES 1/6 à 4/6,"U.S.O. ATHIS MONS, ATHIS MONS","9,2 km",29/oct/2022,30/oct/2022,SM,"Massy, 91, Essonne, Île-de-France",2022-10-27 17:13:14
Tournoi VERT 11/12 ans,"U.S.O. ATHIS MONS, ATHIS MONS","9,2 km",2/nov/2022,2/nov/2022,SM,"Massy, 91, Essonne, Île-de-France",2022-10-27 17:13:14
TMC HOMMES 15/1 à 15/4,"U.S.O. ATHIS MONS, ATHIS MONS","9,2 km",5/nov/2022,6/nov/2022,SM,"Massy, 91, Essonne, Île-de-France",2022-10-27 17:13:14
Tournoi interne Athis 2023,"U.S.O. ATHIS MONS, ATHIS MONS","9,2 km",1/janv/2023,2/juil/2023,SD / SM,"Massy, 91, Essonne, Île-de-France",2022-10-27 17:13:14
TMC HOMMES NC à 30/2,"U.S.O. ATHIS MONS, ATHIS MONS","9,2 km",31/oct/2022,1/nov/2022,SM,"Massy, 91, Essonne, Île-de-France",2022-10-27 17:13:14
TMC 8-10 vert,"TC THIAIS, Thiais","9,3 km",5/nov/2022,5/nov/2022,SM,"Massy, 91, Essonne, Île-de-France",2022-10-27 17:13:14
TOURNOI SENIOR PLUS TC THIAIS,"TC THIAIS, Thiais","9,3 km",22/oct/2022,6/nov/2022,SD / SM,"Massy, 91, Essonne, Île-de-France",2022-10-27 17:13:15
Tournoi 4e-3e série de la Toussaint - US Villejuif,"US VILLEJUIF, VILLEJUIF","9,4 km",23/oct/2022,6/nov/2022,SM,"Massy, 91, Essonne, Île-de-France",2022-10-27 17:13:15
Tournoi Open de la Toussaint - US Villejuif,"US VILLEJUIF, VILLEJUIF","9,4 km",23/oct/2022,6/nov/2022,SD / SM,"Massy, 91, Essonne, Île-de-France",2022-10-27 17:13:15
Tournoi Open de décembre,"STE GENEVIEVE S.T.C., STE GENEVIEVE DES BOIS","9,7 km",17/déc/2022,8/janv/2023,SM,"Massy, 91, Essonne, Île-de-France",2022-10-27 17:13:15
Tournoi Open de Décembre,"STE GENEVIEVE S.T.C., STE GENEVIEVE DES BOIS","9,7 km",17/déc/2022,8/janv/2023,SD / SM,"Massy, 91, Essonne, Île-de-France",2022-10-27 17:13:15
SGSTC 8/10 Orange,"STE GENEVIEVE S.T.C., STE GENEVIEVE DES BOIS","9,7 km",27/oct/2022,28/oct/2022,SM,"Massy, 91, Essonne, Île-de-France",2022-10-27 17:13:15
SMOT - TMC 13/14 ans,"SAINT MICHEL SUR ORGE TENNIS, ST MICHEL SUR ORGE","9,7 km",29/oct/2022,29/oct/2022,SM,"Massy, 91, Essonne, Île-de-France",2022-10-27 17:13:15
TCM CHATILLONNAIS,"CHATILLONNAIS (TCM), CHATILLON","9,8 km",22/oct/2022,30/oct/2022,SD / SM,"Massy, 91, Essonne, Île-de-France",2022-10-27 17:13:16
Tournoi interne ES Vitry (réservé licenciés club),"ES VITRY, VITRY SUR SEINE","9,9 km",1/oct/2022,31/août/2023,SD / SM,"Massy, 91, Essonne, Île-de-France",2022-10-27 17:13:16
CAMontrouge Seniors Plus,"MONTROUGE (CA), MONTROUGE","10,2 km",22/oct/2022,2/nov/2022,SD / SM,"Massy, 91, Essonne, Île-de-France",2022-10-27 17:13:16
CAMontrouge - TMC Filles 11/14 ans 30/3 - 15/5,"MONTROUGE (CA), MONTROUGE","10,2 km",27/oct/2022,28/oct/2022,SD,"Massy, 91, Essonne, Île-de-France",2022-10-27 17:13:16
CAMontrouge - TMC Garçons 12/16 ans 15/5 - 15/3,"MONTROUGE (CA), MONTROUGE","10,2 km",27/oct/2022,28/oct/2022,SM,"Massy, 91, Essonne, Île-de-France",2022-10-27 17:13:16
CAMontrouge - TMC Dames 5/6 - 2/6,"MONTROUGE (CA), MONTROUGE","10,2 km",3/nov/2022,4/nov/2022,SD,"Massy, 91, Essonne, Île-de-France",2022-10-27 17:13:16
CAMontrouge - TMC Filles 13/16 ans 15/3 - 5/6,"MONTROUGE (CA), MONTROUGE","10,2 km",27/oct/2022,28/oct/2022,SD,"Massy, 91, Essonne, Île-de-France",2022-10-27 17:13:17
CAMontrouge - TMC Messieurs 15 - 3/6,"MONTROUGE (CA), MONTROUGE","10,2 km",31/oct/2022,2/nov/2022,SM,"Massy, 91, Essonne, Île-de-France",2022-10-27 17:13:19
CAMontrouge - TMC Messieurs 2/6 - -2/6,"MONTROUGE (CA), MONTROUGE","10,2 km",31/oct/2022,2/nov/2022,SM,"Massy, 91, Essonne, Île-de-France",2022-10-27 17:13:19
CAMontrouge - TMC Messieurs 15/4 - 15/1,"MONTROUGE (CA), MONTROUGE","10,2 km",3/nov/2022,4/nov/2022,SM,"Massy, 91, Essonne, Île-de-France",2022-10-27 17:13:19
tournoi interne du Telethon,"TCAV, ABLON SUR SEINE","10,2 km",19/oct/2022,18/déc/2022,SD / SM,"Massy, 91, Essonne, Île-de-France",2022-10-27 17:13:19
Tournoi Interne Adultes,"ISSY-LES-MOULINEAUX (TC), ISSY LES MOULINEAUX","10,7 km",19/sept/2022,27/nov/2022,SD / SM,"Massy, 91, Essonne, Île-de-France",2022-10-27 17:13:20
"C
4ème série Messieurs Trophée P.Chatrier ESSONNE","CD ESSONNE, STE GENEVIEVE DES BOIS","10,7 km",15/oct/2022,29/mai/2023,SM,"Massy, 91, Essonne, Île-de-France",2022-10-27 17:13:20
"C
60ans Messieurs Trophée Philippe Chatrier ESSONNE","CD ESSONNE, STE GENEVIEVE DES BOIS","10,7 km",15/oct/2022,16/avr/2023,SM,"Massy, 91, Essonne, Île-de-France",2022-10-27 17:13:20
"C
80ans Messieurs Trophée Philippe Chatrier ESSONNE","CD ESSONNE, STE GENEVIEVE DES BOIS","10,7 km",15/oct/2022,16/avr/2023,SM,"Massy, 91, Essonne, Île-de-France",2022-10-27 17:13:20
"C
3ème série Messieurs Trophée P.Chatrier ESSONNE","CD ESSONNE, STE GENEVIEVE DES BOIS","10,7 km",15/oct/2022,29/mai/2023,SM,"Massy, 91, Essonne, Île-de-France",2022-10-27 17:13:20
"C
65ans Dames Trophée Philippe Chatrier ESSONNE","CD ESSONNE, STE GENEVIEVE DES BOIS","10,7 km",15/oct/2022,16/avr/2023,SD,"Massy, 91, Essonne, Île-de-France",2022-10-27 17:13:20
"C
75ans Messieurs Trophée Philippe Chatrier ESSONNE","CD ESSONNE, STE GENEVIEVE DES BOIS","10,7 km",15/oct/2022,16/avr/2023,SM,"Massy, 91, Essonne, Île-de-France",2022-10-27 17:13:20
"C
65ans Messieurs Trophée Philippe Chatrier ESSONNE","CD ESSONNE, STE GENEVIEVE DES BOIS","10,7 km",15/oct/2022,16/avr/2023,SM,"Massy, 91, Essonne, Île-de-France",2022-10-27 17:13:21
"C
75ans Dames Trophée Philippe Chatrier ESSONNE","CD ESSONNE, STE GENEVIEVE DES BOIS","10,7 km",15/oct/2022,16/avr/2023,SD,"Massy, 91, Essonne, Île-de-France",2022-10-27 17:13:21
"C
2de série Messieurs Trophée P.Chatrier ESSONNE","CD ESSONNE, STE GENEVIEVE DES BOIS","10,7 km",15/oct/2022,29/mai/2023,SM,"Massy, 91, Essonne, Île-de-France",2022-10-27 17:13:21
"C
70ans Dames Trophée Philippe Chatrier ESSONNE","CD ESSONNE, STE GENEVIEVE DES BOIS","10,7 km",15/oct/2022,16/avr/2023,SD,"Massy, 91, Essonne, Île-de-France",2022-10-27 17:13:21
"C
70ans Messieurs Trophée Philippe Chatrier ESSONNE","CD ESSONNE, STE GENEVIEVE DES BOIS","10,7 km",15/oct/2022,16/avr/2023,SM,"Massy, 91, Essonne, Île-de-France",2022-10-27 17:13:21
"C
4ème série Dames Trophée P.Chatrier ESSONNE","CD ESSONNE, STE GENEVIEVE DES BOIS","10,7 km",15/oct/2022,29/mai/2023,SD,"Massy, 91, Essonne, Île-de-France",2022-10-27 17:13:21
"C
35ans Messieurs Trophée Philippe Chatrier ESSONNE","CD ESSONNE, STE GENEVIEVE DES BOIS","10,7 km",15/oct/2022,16/avr/2023,SM,"Massy, 91, Essonne, Île-de-France",2022-10-27 17:13:21
"C
35ans Dames Trophée Philippe Chatrier ESSONNE","CD ESSONNE, STE GENEVIEVE DES BOIS","10,7 km",15/oct/2022,16/avr/2023,SD,"Massy, 91, Essonne, Île-de-France",2022-10-27 17:13:22
"C
45ans Dames Trophée Philippe Chatrier ESSONNE","CD ESSONNE, STE GENEVIEVE DES BOIS","10,7 km",15/oct/2022,16/avr/2023,SD,"Massy, 91, Essonne, Île-de-France",2022-10-27 17:13:22
"C
50ans Messieurs Trophée Philippe Chatrier ESSONNE","CD ESSONNE, STE GENEVIEVE DES BOIS","10,7 km",15/oct/2022,16/avr/2023,SM,"Massy, 91, Essonne, Île-de-France",2022-10-27 17:13:22
"C
50ans Dames Trophée Philippe Chatrier ESSONNE","CD ESSONNE, STE GENEVIEVE DES BOIS","10,7 km",15/oct/2022,16/avr/2023,SD,"Massy, 91, Essonne, Île-de-France",2022-10-27 17:13:22
"C
55ans Dames Trophée Philippe Chatrier ESSONNE","CD ESSONNE, STE GENEVIEVE DES BOIS","10,7 km",15/oct/2022,16/avr/2023,SD,"Massy, 91, Essonne, Île-de-France",2022-10-27 17:13:22
Essonne tour académie,"CD ESSONNE, STE GENEVIEVE DES BOIS","10,7 km",20/nov/2022,20/nov/2022,SD / SM,"Massy, 91, Essonne, Île-de-France",2022-10-27 17:13:22
Essonne tour académie,"CD ESSONNE, STE GENEVIEVE DES BOIS","10,7 km",14/janv/2023,15/janv/2023,SD / SM,"Massy, 91, Essonne, Île-de-France",2022-10-27 17:13:22
"C
Individuel T.entreprise seniors 35 ans messieurs","CD ESSONNE, STE GENEVIEVE DES BOIS","10,7 km",15/janv/2023,30/juin/2023,SM,"Massy, 91, Essonne, Île-de-France",2022-10-27 17:13:23
"C
Individuel T.entreprise seniors Messieurs 3ème S","CD ESSONNE, STE GENEVIEVE DES BOIS","10,7 km",15/janv/2023,30/juin/2023,SM,"Massy, 91, Essonne, Île-de-France",2022-10-27 17:13:23
Essonne tour académie,"CD ESSONNE, STE GENEVIEVE DES BOIS","10,7 km",7/janv/2023,8/janv/2023,SD / SM,"Massy, 91, Essonne, Île-de-France",2022-10-27 17:13:23
"C
3ème série Dames Trophée P.Chatrier ESSONNE","CD ESSONNE, STE GENEVIEVE DES BOIS","10,7 km",15/oct/2022,29/mai/2023,SD,"Massy, 91, Essonne, Île-de-France",2022-10-27 17:13:23
"C
60ans Dames Trophée Philippe Chatrier ESSONNE","CD ESSONNE, STE GENEVIEVE DES BOIS","10,7 km",15/oct/2022,16/avr/2023,SD,"Massy, 91, Essonne, Île-de-France",2022-10-27 17:13:23
"C
2de série Dames Trophée P.Chatrier ESSONNE","CD ESSONNE, STE GENEVIEVE DES BOIS","10,7 km",15/oct/2022,29/mai/2023,SD,"Massy, 91, Essonne, Île-de-France",2022-10-27 17:13:25
"C
40ans Messieurs Trophée Philippe Chatrier ESSONNE","CD ESSONNE, STE GENEVIEVE DES BOIS","10,7 km",15/oct/2022,16/avr/2023,SM,"Massy, 91, Essonne, Île-de-France",2022-10-27 17:13:26
"C
40ans Dames Trophée Philippe Chatrier ESSONNE","CD ESSONNE, STE GENEVIEVE DES BOIS","10,7 km",15/oct/2022,16/avr/2023,SD,"Massy, 91, Essonne, Île-de-France",2022-10-27 17:13:26
"C
45ans Messieurs Trophée Philippe Chatrier ESSONNE","CD ESSONNE, STE GENEVIEVE DES BOIS","10,7 km",15/oct/2022,16/avr/2023,SM,"Massy, 91, Essonne, Île-de-France",2022-10-27 17:13:26
"C
55ans Messieurs Trophée Philippe Chatrier ESSONNE","CD ESSONNE, STE GENEVIEVE DES BOIS","10,7 km",15/oct/2022,16/avr/2023,SM,"Massy, 91, Essonne, Île-de-France",2022-10-27 17:13:26
Essonne tour académie,"CD ESSONNE, STE GENEVIEVE DES BOIS","10,7 km",10/déc/2022,11/déc/2022,SD / SM,"Massy, 91, Essonne, Île-de-France",2022-10-27 17:13:26
Tournois jeunes comité de l'Essonne,"CD ESSONNE, STE GENEVIEVE DES BOIS","10,7 km",17/déc/2022,23/déc/2022,SD / SM,"Massy, 91, Essonne, Île-de-France",2022-10-27 17:13:26
"C
Individuel T.entreprise seniors 55 ans messieurs","CD ESSONNE, STE GENEVIEVE DES BOIS","10,7 km",15/janv/2023,30/juin/2023,SM,"Massy, 91, Essonne, Île-de-France",2022-10-27 17:13:26
"C
Individuel T.entreprise seniors messieurs 4ème S","CD ESSONNE, STE GENEVIEVE DES BOIS","10,7 km",15/janv/2023,30/juin/2023,SM,"Massy, 91, Essonne, Île-de-France",2022-10-27 17:13:27
"C
Individuel T.entreprise seniors Dames","CD ESSONNE, STE GENEVIEVE DES BOIS","10,7 km",15/janv/2023,30/juin/2023,SD,"Massy, 91, Essonne, Île-de-France",2022-10-27 17:13:27
Open Sud Francilien,"CD ESSONNE, STE GENEVIEVE DES BOIS","10,7 km",20/oct/2022,13/nov/2022,SD / SM,"Massy, 91, Essonne, Île-de-France",2022-10-27 17:13:27
Open Sud Francilien limité à 15/1,"CD ESSONNE, STE GENEVIEVE DES BOIS","10,7 km",20/oct/2022,13/nov/2022,SD / SM,"Massy, 91, Essonne, Île-de-France",2022-10-27 17:13:27
TMC Vanves Dames 4/6 à 1/6,"STADE DE VANVES, VANVES","10,8 km",4/nov/2022,6/nov/2022,SD,"Massy, 91, Essonne, Île-de-France",2022-10-27 17:13:27
OPEN CHAVILLE,"CHAVILLE (CT), CHAVILLE","11,0 km",15/déc/2022,4/janv/2023,SD / SM,"Massy, 91, Essonne, Île-de-France",2022-10-27 17:13:27
tournoi interne,"CHAVILLE (CT), CHAVILLE","11,0 km",21/oct/2022,18/nov/2022,SD / SM,"Massy, 91, Essonne, Île-de-France",2022-10-27 17:13:28
TMC Draveil 17/18 Messieurs 30/3 à 30/1,"DRAVEIL CITADELLE TENNIS CLUB, DRAVEIL","11,2 km",4/nov/2022,6/nov/2022,SM,"Massy, 91, Essonne, Île-de-France",2022-10-27 17:13:28
TMC Draveil 17/18 Messieurs 30 à 15/3,"DRAVEIL CITADELLE TENNIS CLUB, DRAVEIL","11,2 km",28/oct/2022,30/oct/2022,SM,"Massy, 91, Essonne, Île-de-France",2022-10-27 17:13:28
Tournoi Jeunes GRIGNY PRÉQUALIFICATIF TIM ESSONNE,"U.S GRIGNY TENNIS, GRIGNY","11,5 km",2/déc/2022,24/déc/2022,SD / SM,"Massy, 91, Essonne, Île-de-France",2022-10-27 17:13:28
Tournoi Jeunes U.S.G Tennis / Fête le Mur Grigny,"U.S GRIGNY TENNIS, GRIGNY","11,5 km",21/oct/2022,13/nov/2022,SD / SM,"Massy, 91, Essonne, Île-de-France",2022-10-27 17:13:28
Tournoi Jeunes U.S.G Tennis / Fête le Mur Grigny,"U.S GRIGNY TENNIS, GRIGNY","11,5 km",2/déc/2022,24/déc/2022,SD / SM,"Massy, 91, Essonne, Île-de-France",2022-10-27 17:13:28
Tournoi Jeunes U.S.G Tennis / Fête le Mur Grigny,"U.S GRIGNY TENNIS, GRIGNY","11,5 km",21/oct/2022,13/nov/2022,SD / SM,"Massy, 91, Essonne, Île-de-France",2022-10-27 17:13:28
PUC 8/10 ans Orange,"PARIS UNIVERSITE CLUB, PARIS 13","11,6 km",26/oct/2022,27/oct/2022,SD / SM,"Massy, 91, Essonne, Île-de-France",2022-10-27 17:13:29
PUC 8/10 ans Vert,"PARIS UNIVERSITE CLUB, PARIS 13","11,6 km",2/nov/2022,3/nov/2022,SD / SM,"Massy, 91, Essonne, Île-de-France",2022-10-27 17:13:29
TOURNOI INTERNE,"TC DU GRAND VERSAILLES, VERSAILLES","12,1 km",12/déc/2022,25/juin/2023,SD / SM,"Massy, 91, Essonne, Île-de-France",2022-10-27 17:13:29
Tournoi Jeunes de Noël,"T.C. MONTGERON, MONTGERON","12,6 km",16/déc/2022,1/janv/2023,SD / SM,"Massy, 91, Essonne, Île-de-France",2022-10-27 17:13:29
TMC MESSIEURS 5/6 - 1/6,"T.C. MONTGERON, MONTGERON","12,6 km",26/nov/2022,27/nov/2022,SM,"Massy, 91, Essonne, Île-de-France",2022-10-27 17:13:29
Pré-Qualifs TIM ESSONNE,"T.C. MONTGERON, MONTGERON","12,6 km",16/déc/2022,1/janv/2023,SD / SM,"Massy, 91, Essonne, Île-de-France",2022-10-27 17:13:29
TMC DAMES 5/6 - 1/6,"T.C. MONTGERON, MONTGERON","12,6 km",26/nov/2022,27/nov/2022,SD,"Massy, 91, Essonne, Île-de-France",2022-10-27 17:13:29
COUPE CANET,"TENNIS CLUB DE PARIS, PARIS 16","12,7 km",17/déc/2022,31/déc/2022,SD / SM,"Massy, 91, Essonne, Île-de-France",2022-10-27 17:13:29
OPEN TCP 8-10 ANS VERT,"TENNIS CLUB DE PARIS, PARIS 16","12,7 km",26/oct/2022,29/oct/2022,SD / SM,"Massy, 91, Essonne, Île-de-France",2022-10-27 17:13:30
OPEN TCP 11-16 ANS,"TENNIS CLUB DE PARIS, PARIS 16","12,7 km",22/oct/2022,29/oct/2022,SD / SM,"Massy, 91, Essonne, Île-de-France",2022-10-27 17:13:32
OPEN TCP 8 ANS ORANGE,"TENNIS CLUB DE PARIS, PARIS 16","12,7 km",28/oct/2022,29/oct/2022,SD / SM,"Massy, 91, Essonne, Île-de-France",2022-10-27 17:13:32
Tournoi galaxie orange 8/10 ans,"TENNIS CLUB DU 16EME, PARIS","12,8 km",19/déc/2022,20/déc/2022,SD / SM,"Massy, 91, Essonne, Île-de-France",2022-10-27 17:13:32
UM RUBIS TC 16° TMC OPEN,"TENNIS CLUB DU 16EME, PARIS","12,8 km",26/déc/2022,28/déc/2022,SD / SM,"Massy, 91, Essonne, Île-de-France",2022-10-27 17:13:32
UM RUBIS TC 16° TMC 13/14,"TENNIS CLUB DU 16EME, PARIS","12,8 km",28/déc/2022,30/déc/2022,SD / SM,"Massy, 91, Essonne, Île-de-France",2022-10-27 17:13:32
UM RUBIS TC 16° limité 15,"TENNIS CLUB DU 16EME, PARIS","12,8 km",26/déc/2022,2/janv/2023,SD / SM,"Massy, 91, Essonne, Île-de-France",2022-10-27 17:13:33
interne jusqu'à 15/1 hommes femmes Et +55ans Homme,"TENNIS CLUB DU 16EME, PARIS","12,8 km",1/nov/2022,15/juil/2023,SD / SM,"Massy, 91, Essonne, Île-de-France",2022-10-27 17:13:33
UM RUBIS TC 16° TMC H limité 3/6,"TENNIS CLUB DU 16EME, PARIS","12,8 km",30/déc/2022,2/janv/2023,SM,"Massy, 91, Essonne, Île-de-France",2022-10-27 17:13:33
UM RUBIS TC 16° TMC F limité 3/6,"TENNIS CLUB DU 16EME, PARIS","12,8 km",1/janv/2023,2/janv/2023,SD,"Massy, 91, Essonne, Île-de-France",2022-10-27 17:13:33
TMC DAMES PROMOTION ARBITRAGE,"TC COMITE DE PARIS, PARIS 16","12,8 km",5/nov/2022,6/nov/2022,DD / SD,"Massy, 91, Essonne, Île-de-France",2022-10-27 17:13:33
tournois interne USA tennis,"US ALFORTVILLE, ALFORTVILLE","13,0 km",22/oct/2022,30/nov/2022,SD / SM,"Massy, 91, Essonne, Île-de-France",2022-10-27 17:13:33
TMC jeune interne,"US ALFORTVILLE, ALFORTVILLE","13,0 km",29/oct/2022,6/nov/2022,SM,"Massy, 91, Essonne, Île-de-France",2022-10-27 17:13:33
AOBUC Tennis Vert Garçons,"AOBUC TENNIS, BUC","13,1 km",17/déc/2022,17/déc/2022,SM,"Massy, 91, Essonne, Île-de-France",2022-10-27 17:13:34
AOBUC Tennis Filles et Garçons,"AOBUC TENNIS, BUC","13,1 km",18/déc/2022,18/déc/2022,SM,"Massy, 91, Essonne, Île-de-France",2022-10-27 17:13:34
AOBUC Tennis Vert Garçons,"AOBUC TENNIS, BUC","13,1 km",18/déc/2022,18/déc/2022,SM,"Massy, 91, Essonne, Île-de-France",2022-10-27 17:13:34
34ème OPEN DES 10-12. NC à 30/4,"BOULOGNE BILLANCOURT (TC), BOULOGNE BILLANCOURT","13,4 km",17/déc/2022,21/déc/2022,SD / SM,"Massy, 91, Essonne, Île-de-France",2022-10-27 17:13:34
Tournoi Open 45+ du TCBB,"BOULOGNE BILLANCOURT (TC), BOULOGNE BILLANCOURT","13,4 km",22/oct/2022,6/nov/2022,SD / SM,"Massy, 91, Essonne, Île-de-France",2022-10-27 17:13:34
Tournoi Open 15/16 ans du TCBB,"BOULOGNE BILLANCOURT (TC), BOULOGNE BILLANCOURT","13,4 km",22/oct/2022,6/nov/2022,SD / SM,"Massy, 91, Essonne, Île-de-France",2022-10-27 17:13:34
34ème OPEN DES 10-12. 30/3 à 30/1,"BOULOGNE BILLANCOURT (TC), BOULOGNE BILLANCOURT","13,4 km",19/déc/2022,21/déc/2022,SM,"Massy, 91, Essonne, Île-de-France",2022-10-27 17:13:34
34ème OPEN DES 10-12. Qualifs nationales,"BOULOGNE BILLANCOURT (TC), BOULOGNE BILLANCOURT","13,4 km",17/déc/2022,24/déc/2022,SD / SM,"Massy, 91, Essonne, Île-de-France",2022-10-27 17:13:35
TMC DAMES NC-30/4 EN CASCADE,"BONDOUFLE A.C., Bondoufle","13,8 km",5/nov/2022,5/nov/2022,SD,"Massy, 91, Essonne, Île-de-France",2022-10-27 17:13:35
TMC 11/12 Garçon NC-30/1,"BONDOUFLE A.C., Bondoufle","13,8 km",11/nov/2022,11/nov/2022,SM,"Massy, 91, Essonne, Île-de-France",2022-10-27 17:13:35
TMC DAMES 30/3-30/1,"BONDOUFLE A.C., Bondoufle","13,8 km",6/nov/2022,6/nov/2022,SD,"Massy, 91, Essonne, Île-de-France",2022-10-27 17:13:35
Tournoi Séniors+ Crosnois,"TENNIS CROSNOIS, CROSNE","13,8 km",16/déc/2022,1/janv/2023,SD / SM,"Massy, 91, Essonne, Île-de-France",2022-10-27 17:13:35
UM RUBIS Jean Bouin TMC H limité 3/6,"PARIS JEAN BOUIN, PARIS 16","13,8 km",26/oct/2022,28/oct/2022,SM,"Massy, 91, Essonne, Île-de-France",2022-10-27 17:13:35
UM RUBIS Jean Bouin TMC JEUNE,"PARIS JEAN BOUIN, PARIS 16","13,8 km",24/oct/2022,28/oct/2022,SD / SM,"Massy, 91, Essonne, Île-de-France",2022-10-27 17:13:35
Circuit Ile de France 12ans du Val de Marne,"CD VAL DE MARNE, CRETEIL","14,1 km",22/oct/2022,2/nov/2022,SD / SM,"Massy, 91, Essonne, Île-de-France",2022-10-27 17:13:36
UM DIAMANT SF TMC F JEUNE,"STADE FRANCAIS, MARNES LA COQUETTE","14,1 km",29/oct/2022,30/oct/2022,SD,"Massy, 91, Essonne, Île-de-France",2022-10-27 17:13:36
STADE FRANCAIS TMC1 TOUSSAINT2 JEUNES,"STADE FRANCAIS, MARNES LA COQUETTE","14,1 km",31/oct/2022,4/nov/2022,SD / SM,"Massy, 91, Essonne, Île-de-France",2022-10-27 17:13:36
STADE FRANCAIS FORMAT VERT TOUSSAINT2,"STADE FRANCAIS, MARNES LA COQUETTE","14,1 km",2/nov/2022,2/nov/2022,SD / SM,"Massy, 91, Essonne, Île-de-France",2022-10-27 17:13:36
STADE FRANCAIS TMC1 TOUSSAINT2 JEUNES,"STADE FRANCAIS, MARNES LA COQUETTE","14,1 km",31/oct/2022,4/nov/2022,SD / SM,"Massy, 91, Essonne, Île-de-France",2022-10-27 17:13:38
STADE FRANCAIS FORMAT VERT TOUSSAINT2,"STADE FRANCAIS, MARNES LA COQUETTE","14,1 km",2/nov/2022,2/nov/2022,SD / SM,"Massy, 91, Essonne, Île-de-France",2022-10-27 17:13:38
STADE FRANCAIS TMC 2 TOUSSAINT JEUNES,"STADE FRANCAIS, MARNES LA COQUETTE","14,1 km",24/oct/2022,28/oct/2022,SD / SM,"Massy, 91, Essonne, Île-de-France",2022-10-27 17:13:38
UM DIAMANT SF TMC F limité 15,"STADE FRANCAIS, MARNES LA COQUETTE","14,1 km",29/oct/2022,30/oct/2022,SD,"Massy, 91, Essonne, Île-de-France",2022-10-27 17:13:39
UM DIAMANT SF TMC F limité 1/6,"STADE FRANCAIS, MARNES LA COQUETTE","14,1 km",29/oct/2022,30/oct/2022,SD,"Massy, 91, Essonne, Île-de-France",2022-10-27 17:13:39
STADE FRANCAIS FORMAT ORANGE TOUSSAINT2,"STADE FRANCAIS, MARNES LA COQUETTE","14,1 km",3/nov/2022,3/nov/2022,SD / SM,"Massy, 91, Essonne, Île-de-France",2022-10-27 17:13:39
UM DIAMANT SF TMC limité 15,"STADE FRANCAIS, MARNES LA COQUETTE","14,1 km",29/oct/2022,30/oct/2022,SM,"Massy, 91, Essonne, Île-de-France",2022-10-27 17:13:39
UM DIAMANT SF TMC H limité 1/6,"STADE FRANCAIS, MARNES LA COQUETTE","14,1 km",29/oct/2022,30/oct/2022,SM,"Massy, 91, Essonne, Île-de-France",2022-10-27 17:13:39
STADE FRANCAIS TMC 1er TOUSSAINT JEUNES,"STADE FRANCAIS, MARNES LA COQUETTE","14,1 km",24/oct/2022,28/oct/2022,SD / SM,"Massy, 91, Essonne, Île-de-France",2022-10-27 17:13:39
STADE FRANCAIS TMC2 TOUSSAINT2 JEUNES2,"STADE FRANCAIS, MARNES LA COQUETTE","14,1 km",31/oct/2022,4/nov/2022,SD / SM,"Massy, 91, Essonne, Île-de-France",2022-10-27 17:13:39
TMC DAMES MATC NC-30/3,"MAISONS ALFORT TC, MAISONS ALFORT","14,2 km",5/nov/2022,6/nov/2022,SD,"Massy, 91, Essonne, Île-de-France",2022-10-27 17:13:40
TMC DAMES MATC 30/2-30,"MAISONS ALFORT TC, MAISONS ALFORT","14,2 km",5/nov/2022,6/nov/2022,SD,"Massy, 91, Essonne, Île-de-France",2022-10-27 17:13:40
Tournoi interne Homme,"T.C. YERRES, YERRES","14,6 km",1/nov/2022,30/juin/2023,SD / SM,"Massy, 91, Essonne, Île-de-France",2022-10-27 17:13:40
Open Féminin de la JSA 15/3 - 0,"J.S.A. MAISONS ALFORT, MAISONS ALFORT","14,6 km",23/oct/2022,6/nov/2022,SD,"Massy, 91, Essonne, Île-de-France",2022-10-27 17:13:40
TOURNOI DE NOEL,"US CRETEIL, CRETEIL","14,7 km",17/déc/2022,31/déc/2022,SD / SM,"Massy, 91, Essonne, Île-de-France",2022-10-27 17:13:40
TOURNOI DE NOEL LIMITE A 15/1,"US CRETEIL, CRETEIL","14,7 km",17/déc/2022,31/déc/2022,SM,"Massy, 91, Essonne, Île-de-France",2022-10-27 17:13:40
UM RUBIS SF GEO ANDRE TMC H limité 1/6,"STADE FRANCAIS, PARIS","14,8 km",26/déc/2022,28/déc/2022,SM,"Massy, 91, Essonne, Île-de-France",2022-10-27 17:13:40
UM RUBIS SF GEO ANDRE TMC F 8/10,"STADE FRANCAIS, PARIS","14,8 km",31/déc/2022,31/déc/2022,SD,"Massy, 91, Essonne, Île-de-France",2022-10-27 17:13:41
UM RUBIS SF GEO ANDRE TMC F limité 1/6,"STADE FRANCAIS, PARIS","14,8 km",26/déc/2022,28/déc/2022,SD,"Massy, 91, Essonne, Île-de-France",2022-10-27 17:13:41
UM RUBIS SF GEO ANDRE limité 15/3,"STADE FRANCAIS, PARIS","14,8 km",26/déc/2022,2/janv/2023,SD / SM,"Massy, 91, Essonne, Île-de-France",2022-10-27 17:13:41
UM RUBIS SF GEO ANDRE TMC 11/12,"STADE FRANCAIS, PARIS","14,8 km",29/déc/2022,31/déc/2022,SD / SM,"Massy, 91, Essonne, Île-de-France",2022-10-27 17:13:41
UM RUBIS SF GEO ANDRE TMC H 8/10,"STADE FRANCAIS, PARIS","14,8 km",2/janv/2023,2/janv/2023,SM,"Massy, 91, Essonne, Île-de-France",2022-10-27 17:13:41
TMC Vert,"SAINT CLOUD (UAS), ST CLOUD","14,9 km",28/oct/2022,28/oct/2022,SM,"Massy, 91, Essonne, Île-de-France",2022-10-27 17:13:41
Tournoi Open de Jardy Jeunes et Adultes Toussaint,"GOLF ET TENNIS DES HARAS DE JARDY (AS), VAUCRESSON","15,4 km",21/oct/2022,6/nov/2022,SD / DM / SM,"Massy, 91, Essonne, Île-de-France",2022-10-27 17:13:41
AS EVRY OPEN 13-14 GARCONS,"A.S. EVRY, EVRY","15,5 km",17/déc/2022,2/janv/2023,SM,"Massy, 91, Essonne, Île-de-France",2022-10-27 17:13:42
TMC AS EVRY 15/18 ANS 30/5 -> 15/5,"A.S. EVRY, EVRY","15,5 km",28/déc/2022,29/déc/2022,SM,"Massy, 91, Essonne, Île-de-France",2022-10-27 17:13:42
TMC FEMMES AS EVRY NC->30/3,"A.S. EVRY, EVRY","15,5 km",30/déc/2022,30/déc/2022,SD,"Massy, 91, Essonne, Île-de-France",2022-10-27 17:13:42
TMC AS EVRY 15/18 ANS 15/4 -> 15,"A.S. EVRY, EVRY","15,5 km",28/déc/2022,29/déc/2022,SM,"Massy, 91, Essonne, Île-de-France",2022-10-27 17:13:42
TMC AS EVRY 13/14 ANS 30/5 -> 30,"A.S. EVRY, EVRY","15,5 km",30/oct/2022,31/oct/2022,SM,"Massy, 91, Essonne, Île-de-France",2022-10-27 17:13:42
TMC AS EVRY HOMMES 15 -> 3/6,"A.S. EVRY, EVRY","15,5 km",4/nov/2022,5/nov/2022,SM,"Massy, 91, Essonne, Île-de-France",2022-10-27 17:13:42
TMC AS EVRY 13/14 ANS 15/5 -> 15/2,"A.S. EVRY, EVRY","15,5 km",22/déc/2022,23/déc/2022,SM,"Massy, 91, Essonne, Île-de-France",2022-10-27 17:13:44
TMC AS EVRY FEMMES 30/4-> 15/4,"A.S. EVRY, EVRY","15,5 km",5/nov/2022,6/nov/2022,SD,"Massy, 91, Essonne, Île-de-France",2022-10-27 17:13:45
TMC AS EVRY 13/14 ANS15/5 -> 15/2,"A.S. EVRY, EVRY","15,5 km",31/oct/2022,1/nov/2022,SM,"Massy, 91, Essonne, Île-de-France",2022-10-27 17:13:45
TMC VERT AS EVRY,"A.S. EVRY, EVRY","15,5 km",30/oct/2022,30/oct/2022,SM,"Massy, 91, Essonne, Île-de-France",2022-10-27 17:13:45
TMC ORANGE AS EVRY,"A.S. EVRY, EVRY","15,5 km",17/déc/2022,17/déc/2022,SM,"Massy, 91, Essonne, Île-de-France",2022-10-27 17:13:45
TMC AS EVRY HOMMES 30 -> 15/2,"A.S. EVRY, EVRY","15,5 km",19/déc/2022,20/déc/2022,SM,"Massy, 91, Essonne, Île-de-France",2022-10-27 17:13:45
TMC 13/18 filles 30/2 -> 15/4,"A.S. EVRY, EVRY","15,5 km",19/déc/2022,20/déc/2022,SD,"Massy, 91, Essonne, Île-de-France",2022-10-27 17:13:45
TMC AS EVRY 11/12 ANS ET 13/14 ANS,"A.S. EVRY, EVRY","15,5 km",26/déc/2022,27/déc/2022,SM,"Massy, 91, Essonne, Île-de-France",2022-10-27 17:13:46
TMC ORANGE AS EVRY,"A.S. EVRY, EVRY","15,5 km",29/oct/2022,29/oct/2022,SM,"Massy, 91, Essonne, Île-de-France",2022-10-27 17:13:46
TMC AS EVRY 15/18 ANS 15/4 -> 15,"A.S. EVRY, EVRY","15,5 km",3/nov/2022,4/nov/2022,SM,"Massy, 91, Essonne, Île-de-France",2022-10-27 17:13:46
TMC AS EVRY HOMMES 15/2 -> 4/6,"A.S. EVRY, EVRY","15,5 km",22/déc/2022,23/déc/2022,SM,"Massy, 91, Essonne, Île-de-France",2022-10-27 17:13:46
TMC VERT AS EVRY,"A.S. EVRY, EVRY","15,5 km",18/déc/2022,18/déc/2022,SM,"Massy, 91, Essonne, Île-de-France",2022-10-27 17:13:46
"FH Marnes-la-Coquette TMC 15/16G, Messieurs, Dames","FOREST HILL (TC MEUDON), MARNES LA COQUETTE","15,6 km",11/nov/2022,13/nov/2022,SD / SM,"Massy, 91, Essonne, Île-de-France",2022-10-27 17:13:46
Galaxie 8/10 ans Orange Garçons TC Vaucresson,"VAUCRESSON (TC), VAUCRESSON","15,8 km",26/oct/2022,27/oct/2022,SM,"Massy, 91, Essonne, Île-de-France",2022-10-27 17:13:47
TMC 4S CAV Toussaint,"VINCENNES C.A., PARIS","15,9 km",29/oct/2022,29/oct/2022,SM,"Massy, 91, Essonne, Île-de-France",2022-10-27 17:13:47
GALAXY VERT 8/10 ANS,"T.C. LE CHESNAY TRIANON, LE CHESNAY","16,0 km",19/nov/2022,20/nov/2022,SM,"Massy, 91, Essonne, Île-de-France",2022-10-27 17:13:47
Tournoi journée semaine et week end (9h - 14h),"T.C. GUYANCOURT, GUYANCOURT","16,1 km",9/janv/2023,3/févr/2023,SD / SM,"Massy, 91, Essonne, Île-de-France",2022-10-27 17:13:47
Tournoi journée semaine et week end (9h - 14h),"T.C. GUYANCOURT, GUYANCOURT","16,1 km",14/nov/2022,9/déc/2022,SD / SM,"Massy, 91, Essonne, Île-de-France",2022-10-27 17:13:47
BRUYERES LE CHATEL AUTOMNE 2023 SM/SD NC A 0,"T.C. BRUYERES LE CHATEL, BRUYERES LE CHATEL","16,4 km",8/oct/2022,10/déc/2022,SD / DX / SM,"Massy, 91, Essonne, Île-de-France",2022-10-27 17:13:47
Tournoi Interne réservé aux memebres du polo,"POLO DE PARIS, PARIS 16","16,4 km",30/sept/2022,29/janv/2023,SD / SM,"Massy, 91, Essonne, Île-de-France",2022-10-27 17:13:47
UM RUBIS POLO DE PARIS TMC jeune limité 30/1,"POLO DE PARIS, PARIS 16","16,4 km",31/oct/2022,4/nov/2022,SM,"Massy, 91, Essonne, Île-de-France",2022-10-27 17:13:48
UM RUBIS POLO DE PARIS TMC F limité 15/3,"POLO DE PARIS, PARIS 16","16,4 km",31/oct/2022,4/nov/2022,SD,"Massy, 91, Essonne, Île-de-France",2022-10-27 17:13:48
UM RUBIS POLO DE PARIS TMC H limité 15/3,"POLO DE PARIS, PARIS 16","16,4 km",31/oct/2022,4/nov/2022,SM,"Massy, 91, Essonne, Île-de-France",2022-10-27 17:13:48
UM RUBIS POLO DE PARIS TMC F limité 30/3,"POLO DE PARIS, PARIS 16","16,4 km",1/nov/2022,1/nov/2022,SD,"Massy, 91, Essonne, Île-de-France",2022-10-27 17:13:48
UM RUBIS POLO DE PARIS TMC H limité 30/3,"POLO DE PARIS, PARIS 16","16,4 km",1/nov/2022,1/nov/2022,SM,"Massy, 91, Essonne, Île-de-France",2022-10-27 17:13:48
Tournoi Interne,"POLO DE PARIS, PARIS 16","16,4 km",1/sept/2022,31/déc/2022,SD / SM,"Massy, 91, Essonne, Île-de-France",2022-10-27 17:13:48
UM RUBIS POLO DE PARIS TMC H limité 3/6,"POLO DE PARIS, PARIS 16","16,4 km",31/oct/2022,4/nov/2022,SM,"Massy, 91, Essonne, Île-de-France",2022-10-27 17:13:48
UM RUBIS POLO DE PARIS TMC H limité 30,"POLO DE PARIS, PARIS 16","16,4 km",31/oct/2022,4/nov/2022,SM,"Massy, 91, Essonne, Île-de-France",2022-10-27 17:13:49
INTERNE,"RACING TENNIS CLUB DE JOINVILLE, PARIS","16,9 km",17/oct/2022,26/mars/2023,SD / SM,"Massy, 91, Essonne, Île-de-France",2022-10-27 17:13:49
Tournoi INTERNE - stage Toussaint,"BOIS DE BOULOGNE ASC, PARIS","17,0 km",24/oct/2022,28/oct/2022,SD / SM,"Massy, 91, Essonne, Île-de-France",2022-10-27 17:13:49
TMC INTERNE - stage Toussaint,"BOIS DE BOULOGNE ASC, PARIS","17,0 km",24/oct/2022,28/oct/2022,SD / SM,"Massy, 91, Essonne, Île-de-France",2022-10-27 17:13:51
TMC MESSIEURS 5/6 A 3/6,"BOIS DE BOULOGNE ASC, PARIS","17,0 km",26/oct/2022,28/oct/2022,SM,"Massy, 91, Essonne, Île-de-France",2022-10-27 17:13:51
Tournoi Interne Hiver du TCPJ,"JOINVILLE (T.C.P.), PARIS","17,2 km",7/nov/2022,28/févr/2023,SD / SM,"Massy, 91, Essonne, Île-de-France",2022-10-27 17:13:51
Tournoi Open de la Toussaint TCPJ,"JOINVILLE (T.C.P.), PARIS","17,2 km",23/oct/2022,6/nov/2022,SD / SM,"Massy, 91, Essonne, Île-de-France",2022-10-27 17:13:51
TCSM Jeunes et Adultes Novembre,"TENNIS CLUB DE SAINT MAUR, SUCY EN BRIE","17,2 km",19/nov/2022,4/déc/2022,SD / SM,"Massy, 91, Essonne, Île-de-France",2022-10-27 17:13:52
TMC orange Toussaint,"TENNIS CLUB DE SAINT MAUR, SUCY EN BRIE","17,2 km",1/nov/2022,1/nov/2022,SD / SM,"Massy, 91, Essonne, Île-de-France",2022-10-27 17:13:52
TMC vert Toussaint 2022,"TENNIS CLUB DE SAINT MAUR, SUCY EN BRIE","17,2 km",2/nov/2022,3/nov/2022,SD / SM,"Massy, 91, Essonne, Île-de-France",2022-10-27 17:13:52
TCSM Adultes et Jeunes Janvier,"TENNIS CLUB DE SAINT MAUR, SUCY EN BRIE","17,2 km",14/janv/2023,29/janv/2023,SD / SM,"Massy, 91, Essonne, Île-de-France",2022-10-27 17:13:52
TCSM Adultes +45+55 Toussaint,"TENNIS CLUB DE SAINT MAUR, SUCY EN BRIE","17,2 km",22/oct/2022,6/nov/2022,SD / SM,"Massy, 91, Essonne, Île-de-France",2022-10-27 17:13:52
Tournoi femmes Toussaint 2022,"TENNIS CLUB DE SAINT MAUR, SUCY EN BRIE","17,2 km",4/nov/2022,4/nov/2022,SD,"Massy, 91, Essonne, Île-de-France",2022-10-27 17:13:52
TCSM Adultes Noël,"TENNIS CLUB DE SAINT MAUR, SUCY EN BRIE","17,2 km",17/déc/2022,1/janv/2023,SD / SM,"Massy, 91, Essonne, Île-de-France",2022-10-27 17:13:53
TCSM Jeunes Noël,"TENNIS CLUB DE SAINT MAUR, SUCY EN BRIE","17,2 km",24/déc/2022,1/janv/2023,SD / SM,"Massy, 91, Essonne, Île-de-France",2022-10-27 17:13:53
TCSM Jeunes Toussaint,"TENNIS CLUB DE SAINT MAUR, SUCY EN BRIE","17,2 km",29/oct/2022,6/nov/2022,SD / SM,"Massy, 91, Essonne, Île-de-France",2022-10-27 17:13:53
TMC 17/18 de la Toussaint du TCSM,"TENNIS CLUB DE SAINT MAUR, SUCY EN BRIE","17,2 km",27/oct/2022,27/oct/2022,SD / SM,"Massy, 91, Essonne, Île-de-France",2022-10-27 17:13:53
TOURNOI 15/16 ANS TOUSSAINT,"LA CHATAIGNERAIE (TC), RUEIL MALMAISON","17,4 km",22/oct/2022,30/oct/2022,SD / SM,"Massy, 91, Essonne, Île-de-France",2022-10-27 17:13:53
"tournoi journée/ no w.e SM= NC..15/4, SD=NC..15/1","LA CHATAIGNERAIE (TC), RUEIL MALMAISON","17,4 km",7/nov/2022,25/nov/2022,SD / SM,"Massy, 91, Essonne, Île-de-France",2022-10-27 17:13:53
tournoi journée/ no w.e SM= 15/3..0 SD=30..0,"LA CHATAIGNERAIE (TC), RUEIL MALMAISON","17,4 km",7/nov/2022,25/nov/2022,SD / SM,"Massy, 91, Essonne, Île-de-France",2022-10-27 17:13:53
tmc en journée 5/6...3/6,"LA CHATAIGNERAIE (TC), RUEIL MALMAISON","17,4 km",5/déc/2022,9/déc/2022,SM,"Massy, 91, Essonne, Île-de-France",2022-10-27 17:13:54
Tournoi de la Toussaint,"LA CHATAIGNERAIE (TC), RUEIL MALMAISON","17,4 km",20/oct/2022,6/nov/2022,SD / SM,"Massy, 91, Essonne, Île-de-France",2022-10-27 17:13:54
tmc 3/6...0 journée uniquement,"LA CHATAIGNERAIE (TC), RUEIL MALMAISON","17,4 km",7/nov/2022,11/nov/2022,SM,"Massy, 91, Essonne, Île-de-France",2022-10-27 17:13:54
TOURNOI DE NOËL,"LA CHATAIGNERAIE (TC), RUEIL MALMAISON","17,4 km",16/déc/2022,2/janv/2023,SD / SM,"Massy, 91, Essonne, Île-de-France",2022-10-27 17:13:54
tmc 30...15/4 journée uniquement,"LA CHATAIGNERAIE (TC), RUEIL MALMAISON","17,4 km",7/nov/2022,11/nov/2022,SM,"Massy, 91, Essonne, Île-de-France",2022-10-27 17:13:54
"tmc journée SD=15/3..15/1, SM=30/3..30/1","LA CHATAIGNERAIE (TC), RUEIL MALMAISON","17,4 km",21/nov/2022,25/nov/2022,SD / SM,"Massy, 91, Essonne, Île-de-France",2022-10-27 17:13:54
tournoi journée/ no w.e SM= 30/3 à 15/1- Séniors+,"LA CHATAIGNERAIE (TC), RUEIL MALMAISON","17,4 km",28/nov/2022,16/déc/2022,SD / SM,"Massy, 91, Essonne, Île-de-France",2022-10-27 17:13:54
"Journée/ no w.e : SM=NC..15/4, SD=30/2..15/1","LA CHATAIGNERAIE (TC), RUEIL MALMAISON","17,4 km",5/déc/2022,16/déc/2022,SD / SM,"Massy, 91, Essonne, Île-de-France",2022-10-27 17:13:55
tmc en journée 4 ème série,"LA CHATAIGNERAIE (TC), RUEIL MALMAISON","17,4 km",12/déc/2022,16/déc/2022,SM,"Massy, 91, Essonne, Île-de-France",2022-10-27 17:13:55
tmc en journée 30...15/3,"LA CHATAIGNERAIE (TC), RUEIL MALMAISON","17,4 km",28/nov/2022,2/déc/2022,SM,"Massy, 91, Essonne, Île-de-France",2022-10-27 17:13:55
tmc en journée 15/1..3/6 Simple Dames,"LA CHATAIGNERAIE (TC), RUEIL MALMAISON","17,4 km",28/nov/2022,2/déc/2022,SD,"Massy, 91, Essonne, Île-de-France",2022-10-27 17:13:55
tmc en journée 15/3..15,"LA CHATAIGNERAIE (TC), RUEIL MALMAISON","17,4 km",14/nov/2022,18/nov/2022,SM,"Massy, 91, Essonne, Île-de-France",2022-10-27 17:13:55
tmc en journée 15..3/6,"LA CHATAIGNERAIE (TC), RUEIL MALMAISON","17,4 km",14/nov/2022,18/nov/2022,SM,"Massy, 91, Essonne, Île-de-France",2022-10-27 17:13:55
GALAXIE TENNIS MINORANGE,"A.S. MINORANGE, GUYANCOURT","17,4 km",8/janv/2023,8/janv/2023,SD / SM,"Massy, 91, Essonne, Île-de-France",2022-10-27 17:13:57
open journee minorange,"A.S. MINORANGE, GUYANCOURT","17,4 km",13/janv/2023,31/janv/2023,SD / SM,"Massy, 91, Essonne, Île-de-France",2022-10-27 17:13:58
GRAND PRIX DES JEUNES TOUSSAINT MINORANGE,"A.S. MINORANGE, GUYANCOURT","17,4 km",22/oct/2022,6/nov/2022,SD / SM,"Massy, 91, Essonne, Île-de-France",2022-10-27 17:13:58
TOURNOI JOURNEE MINORANGE,"A.S. MINORANGE, GUYANCOURT","17,4 km",1/déc/2022,16/déc/2022,SD / SM,"Massy, 91, Essonne, Île-de-France",2022-10-27 17:13:58
open noel minorange,"A.S. MINORANGE, GUYANCOURT","17,4 km",19/déc/2022,8/janv/2023,SD / SM,"Massy, 91, Essonne, Île-de-France",2022-10-27 17:13:58
OPEN JEUNES NOEL MINORANGE,"A.S. MINORANGE, GUYANCOURT","17,4 km",17/déc/2022,2/janv/2023,SD / SM,"Massy, 91, Essonne, Île-de-France",2022-10-27 17:13:58
OPEN MINORANGE OCTOBRE/NOVEMBRE,"A.S. MINORANGE, GUYANCOURT","17,4 km",21/oct/2022,27/nov/2022,DD / SD / DX / DM / SM,"Massy, 91, Essonne, Île-de-France",2022-10-27 17:13:58
TOURNOI INTERNE,"TC LA CELLE SAINT CLOUD, CELLE ST CLOUD (LA)","18,0 km",7/nov/2022,25/juin/2023,SD / SM,"Massy, 91, Essonne, Île-de-France",2022-10-27 17:13:59
8-10 ans vert garçons,"ST CYR TC, ST CYR L ECOLE","18,0 km",18/déc/2022,19/déc/2022,SM,"Massy, 91, Essonne, Île-de-France",2022-10-27 17:13:59
TMC Messieurs 4ème série Voisins,"T.C. VOISINS LE BRETONNEUX, VOISINS LE BRETONNEUX","18,1 km",29/oct/2022,30/oct/2022,SM,"Massy, 91, Essonne, Île-de-France",2022-10-27 17:13:59
Tournoi Interne Adultes,"T.C. VOISINS LE BRETONNEUX, VOISINS LE BRETONNEUX","18,1 km",2/janv/2023,24/juin/2023,DD / SD / DX / DM / SM,"Massy, 91, Essonne, Île-de-France",2022-10-27 17:13:59
Tournoi Interne Jeunes,"T.C. VOISINS LE BRETONNEUX, VOISINS LE BRETONNEUX","18,1 km",2/janv/2023,24/juin/2023,SD / SM,"Massy, 91, Essonne, Île-de-France",2022-10-27 17:13:59
Galaxie Vert,"T.C. VOISINS LE BRETONNEUX, VOISINS LE BRETONNEUX","18,1 km",27/oct/2022,28/oct/2022,SM,"Massy, 91, Essonne, Île-de-France",2022-10-27 17:13:59
TMC Dames 4ème Série Voisins,"T.C. VOISINS LE BRETONNEUX, VOISINS LE BRETONNEUX","18,1 km",29/oct/2022,30/oct/2022,SD,"Massy, 91, Essonne, Île-de-France",2022-10-27 17:13:59
Tournoi Interne U.S.M. Rocquencourt,"U.S.M. ROCQUENCOURT, ROCQUENCOURT","18,2 km",22/oct/2022,25/juin/2023,SD / SM,"Massy, 91, Essonne, Île-de-France",2022-10-27 17:13:59
TMC DAMES OCTOBRE ROSE,"T.C. BOUSSY-ST-ANTOINE, BOUSSY ST ANTOINE","18,3 km",30/oct/2022,30/oct/2022,SD,"Massy, 91, Essonne, Île-de-France",2022-10-27 17:14:00
ESN interne 4eme série,"NANTERRE (ES), NANTERRE","18,4 km",17/oct/2022,17/déc/2022,SD / SM,"Massy, 91, Essonne, Île-de-France",2022-10-27 17:14:00
"Galaxie vert ESN F et G, 30/4 - 15/5","NANTERRE (ES), NANTERRE","18,4 km",21/déc/2022,22/déc/2022,SD / SM,"Massy, 91, Essonne, Île-de-France",2022-10-27 17:14:00
"TMC ESN NC - 30/1 en journée, en extérieurs","NANTERRE (ES), NANTERRE","18,4 km",14/nov/2022,18/nov/2022,SM,"Massy, 91, Essonne, Île-de-France",2022-10-27 17:14:00
"TMC ESN 30/2 - 15/3 en journée, en extérieurs","NANTERRE (ES), NANTERRE","18,4 km",7/nov/2022,11/nov/2022,SM,"Massy, 91, Essonne, Île-de-France",2022-10-27 17:14:00
TMC 15/16 ans garçons,"NANTERRE (ES), NANTERRE","18,4 km",19/déc/2022,20/déc/2022,SM,"Massy, 91, Essonne, Île-de-France",2022-10-27 17:14:00
TMC salésienne,"SALESIENNE DE PARIS 17EME, PARIS","18,8 km",29/oct/2022,30/oct/2022,SM,"Massy, 91, Essonne, Île-de-France",2022-10-27 17:14:00
Tournoi Orange et Tournoi Vert,"NEUILLY (AT), NEUILLY SUR SEINE","18,8 km",24/oct/2022,28/oct/2022,SD / SM,"Massy, 91, Essonne, Île-de-France",2022-10-27 17:14:01
Tournoi NC 15/1 SUCY EN BRIE,"TENNIS DE SUCY EN BRIE, SUCY EN BRIE","18,9 km",18/déc/2022,8/janv/2023,SD / SM,"Massy, 91, Essonne, Île-de-France",2022-10-27 17:14:01
Tournoi de SUCY EN BRIE,"TENNIS DE SUCY EN BRIE, SUCY EN BRIE","18,9 km",18/déc/2022,8/janv/2023,SD / SM,"Massy, 91, Essonne, Île-de-France",2022-10-27 17:14:01
TMC VERT 8/10 ANS (entre 12 et 16 joueurs),"A.S. LE PETIT SMASH, PUTEAUX","19,1 km",11/déc/2022,11/déc/2022,SM,"Massy, 91, Essonne, Île-de-France",2022-10-27 17:14:01
tournoi interne homme 2022 2ème phase,"RUEIL ATHLETIC CLUB, RUEIL MALMAISON","19,1 km",22/sept/2022,30/oct/2022,SM,"Massy, 91, Essonne, Île-de-France",2022-10-27 17:14:01
TMC 13/14 Filles Rac tennis,"RUEIL ATHLETIC CLUB, RUEIL MALMAISON","19,1 km",27/déc/2022,29/déc/2022,SD,"Massy, 91, Essonne, Île-de-France",2022-10-27 17:14:01
Tournoi interne femme,"RUEIL ATHLETIC CLUB, RUEIL MALMAISON","19,1 km",31/oct/2022,7/mai/2023,SD,"Massy, 91, Essonne, Île-de-France",2022-10-27 17:14:02
tournoi jeune Rac tennis,"RUEIL ATHLETIC CLUB, RUEIL MALMAISON","19,1 km",18/déc/2022,24/déc/2022,SM,"Massy, 91, Essonne, Île-de-France",2022-10-27 17:14:02
Tournoi interne 4ème serie H,"RUEIL ATHLETIC CLUB, RUEIL MALMAISON","19,1 km",31/oct/2022,30/avr/2023,SM,"Massy, 91, Essonne, Île-de-France",2022-10-27 17:14:04
TMC 11/12 ans G,"RUEIL ATHLETIC CLUB, RUEIL MALMAISON","19,1 km",25/oct/2022,27/oct/2022,SM,"Massy, 91, Essonne, Île-de-France",2022-10-27 17:14:04
Tournoi U10 Vert Poules + Tableau final,"CD HAUTS DE SEINE, RUEIL MALMAISON","19,1 km",31/oct/2022,1/nov/2022,SD / SM,"Massy, 91, Essonne, Île-de-France",2022-10-27 17:14:04
Tournoi U10 Vert Poules + Tableau final,"CD HAUTS DE SEINE, RUEIL MALMAISON","19,1 km",5/nov/2022,6/nov/2022,SD / SM,"Massy, 91, Essonne, Île-de-France",2022-10-27 17:14:05
Tournoi U10 Vert Poules uniquement,"CD HAUTS DE SEINE, RUEIL MALMAISON","19,1 km",29/oct/2022,29/oct/2022,SD / SM,"Massy, 91, Essonne, Île-de-France",2022-10-27 17:14:05
Tournoi U10 Orange Poules uniquement,"CD HAUTS DE SEINE, RUEIL MALMAISON","19,1 km",30/oct/2022,30/oct/2022,SD / SM,"Massy, 91, Essonne, Île-de-France",2022-10-27 17:14:05
Tournoi U10 Orange Poules uniquement,"CD HAUTS DE SEINE, RUEIL MALMAISON","19,1 km",2/nov/2022,2/nov/2022,SD / SM,"Massy, 91, Essonne, Île-de-France",2022-10-27 17:14:05
TMC U12 Garçons de 30/1 à 15/4,"CD HAUTS DE SEINE, RUEIL MALMAISON","19,1 km",3/nov/2022,4/nov/2022,SM,"Massy, 91, Essonne, Île-de-France",2022-10-27 17:14:05
TMC orange 8/10ans,"TC VILLECRESNES, VILLECRESNES","19,3 km",11/déc/2022,11/déc/2022,SM,"Massy, 91, Essonne, Île-de-France",2022-10-27 17:14:05
Tournoi Interne TC Villecresnes,"TC VILLECRESNES, VILLECRESNES","19,3 km",30/sept/2022,1/mai/2023,SD / SM,"Massy, 91, Essonne, Île-de-France",2022-10-27 17:14:05
TOURNOI INTERNE AUTOMNE,"BOUGIVAL TENNIS CLUB EN SEINE, BOUGIVAL","19,3 km",1/oct/2022,17/déc/2022,SD / SM,"Massy, 91, Essonne, Île-de-France",2022-10-27 17:14:06
8/10 ANS VERT GARÇONS,"T.C. IGNYMONTAIN, MONTIGNY LE BRETONNEUX","19,3 km",18/déc/2022,18/déc/2022,SM,"Massy, 91, Essonne, Île-de-France",2022-10-27 17:14:06
Tournoi interne adultes hommes femmes TCI,"T.C. IGNYMONTAIN, MONTIGNY LE BRETONNEUX","19,3 km",24/oct/2022,18/juin/2023,SD / SM,"Massy, 91, Essonne, Île-de-France",2022-10-27 17:14:06
FH Nanterre - Toussaint 2022 Formule Slice,"HAUTS DE SEINE (ASTC), NANTERRE","19,3 km",30/oct/2022,6/nov/2022,SD / SM,"Massy, 91, Essonne, Île-de-France",2022-10-27 17:14:06
FH Nanterre - Toussaint 2022 Senior +,"HAUTS DE SEINE (ASTC), NANTERRE","19,3 km",22/oct/2022,6/nov/2022,SD / SM,"Massy, 91, Essonne, Île-de-France",2022-10-27 17:14:06
FH Nanterre- Toussaint 2022 Formule Slice,"HAUTS DE SEINE (ASTC), NANTERRE","19,3 km",22/oct/2022,29/oct/2022,SD / SM,"Massy, 91, Essonne, Île-de-France",2022-10-27 17:14:06
TMC 11-12 ans Garçons - 30/4 à 30,"T.C. ST GERMAIN LES CORBEIL, ST GERMAIN LES CORBEI...","19,4 km",27/oct/2022,28/oct/2022,SM,"Massy, 91, Essonne, Île-de-France",2022-10-27 17:14:07
TMC 11-14 ans 15/5 à 15/2,"T.C. ST GERMAIN LES CORBEIL, ST GERMAIN LES CORBEI...","19,4 km",17/déc/2022,18/déc/2022,SM,"Massy, 91, Essonne, Île-de-France",2022-10-27 17:14:07
TMC 13-14 ans Filles - 30 à 15/3,"T.C. ST GERMAIN LES CORBEIL, ST GERMAIN LES CORBEI...","19,4 km",20/déc/2022,21/déc/2022,SD,"Massy, 91, Essonne, Île-de-France",2022-10-27 17:14:07
TMC Vert - Mixte - 8 -10 ans NC -30/4,"T.C. ST GERMAIN LES CORBEIL, ST GERMAIN LES CORBEI...","19,4 km",6/nov/2022,6/nov/2022,SD / SM,"Massy, 91, Essonne, Île-de-France",2022-10-27 17:14:07
tournoi interne,"T.C. ST MAURICE MONTCOURONNE, ST MAURICE MONTCOURO...","19,4 km",24/sept/2022,29/janv/2023,SM,"Massy, 91, Essonne, Île-de-France",2022-10-27 17:14:07
Tournoi interne 1,"LUTECE (TENNIS CLUB), PARIS","19,5 km",12/nov/2022,25/juin/2023,SM,"Massy, 91, Essonne, Île-de-France",2022-10-27 17:14:07
Tournoi interne 2,"LUTECE (TENNIS CLUB), PARIS","19,5 km",12/nov/2022,25/juin/2023,SD / SM,"Massy, 91, Essonne, Île-de-France",2022-10-27 17:14:08
Tournoi interne Toussaint,"PASSING CLUB, PARIS","19,5 km",29/oct/2022,7/nov/2022,SM,"Massy, 91, Essonne, Île-de-France",2022-10-27 17:14:08
TMC des petits loups orange,"TC NOGENT, NOGENT SUR MARNE","19,5 km",22/janv/2023,22/janv/2023,SM,"Massy, 91, Essonne, Île-de-France",2022-10-27 17:14:08
Tmc des petits loups 11/12 ans,"TC NOGENT, NOGENT SUR MARNE","19,5 km",20/nov/2022,20/nov/2022,SM,"Massy, 91, Essonne, Île-de-France",2022-10-27 17:14:08
Tournoi de Noël,"TC NOGENT, NOGENT SUR MARNE","19,5 km",17/déc/2022,1/janv/2023,SM,"Massy, 91, Essonne, Île-de-France",2022-10-27 17:14:08
TMC des petits loups vert,"TC NOGENT, NOGENT SUR MARNE","19,5 km",8/janv/2023,8/janv/2023,SM,"Massy, 91, Essonne, Île-de-France",2022-10-27 17:14:08
TMC MAROLLES EN BRIE Tournoi,"TC MAROLLES, MAROLLES EN BRIE","19,7 km",1/janv/2023,2/janv/2023,SM,"Massy, 91, Essonne, Île-de-France",2022-10-27 17:14:09
TC MAROLLES EN BRIE Tournoi,"TC MAROLLES, MAROLLES EN BRIE","19,7 km",14/déc/2022,31/déc/2022,SD / SM,"Massy, 91, Essonne, Île-de-France",2022-10-27 17:14:09
UM EMERAUDE Corbeil 15/18 limité 30/1,"A.S. CORBEIL ESSONNES, CORBEIL ESSONNES","19,8 km",23/oct/2022,30/oct/2022,SM,"Massy, 91, Essonne, Île-de-France",2022-10-27 17:14:11
UM EMERAUDE Corbeil 15/18,"A.S. CORBEIL ESSONNES, CORBEIL ESSONNES","19,8 km",23/oct/2022,30/oct/2022,SD / SM,"Massy, 91, Essonne, Île-de-France",2022-10-27 17:14:11
UM EMERAUDE Corbeil TMC H Limité 15,"A.S. CORBEIL ESSONNES, CORBEIL ESSONNES","19,8 km",5/nov/2022,6/nov/2022,SM,"Massy, 91, Essonne, Île-de-France",2022-10-27 17:14:11
UM EMERAUDE Corbeil TMC H Limité 30,"A.S. CORBEIL ESSONNES, CORBEIL ESSONNES","19,8 km",5/nov/2022,6/nov/2022,SM,"Massy, 91, Essonne, Île-de-France",2022-10-27 17:14:12
UM EMERAUDE Corbeil TMC 11/12 et 13/14 H,"A.S. CORBEIL ESSONNES, CORBEIL ESSONNES","19,8 km",26/oct/2022,28/oct/2022,SM,"Massy, 91, Essonne, Île-de-France",2022-10-27 17:14:12
Préqualification Petits As Corbeil-Essonnes,"A.S. CORBEIL ESSONNES, CORBEIL ESSONNES","19,8 km",19/nov/2022,24/déc/2022,SD / SM,"Massy, 91, Essonne, Île-de-France",2022-10-27 17:14:12
UM EMERAUDE CORBEIL limité 15,"A.S. CORBEIL ESSONNES, CORBEIL ESSONNES","19,8 km",26/déc/2022,2/janv/2023,SD / SM,"Massy, 91, Essonne, Île-de-France",2022-10-27 17:14:12
UM EMERAUDE CORBEIL TMC H limité 13/14,"A.S. CORBEIL ESSONNES, CORBEIL ESSONNES","19,8 km",26/déc/2022,28/déc/2022,SM,"Massy, 91, Essonne, Île-de-France",2022-10-27 17:14:12
UM EMERAUDE CORBEIL TMC H limité 1/6,"A.S. CORBEIL ESSONNES, CORBEIL ESSONNES","19,8 km",30/déc/2022,2/janv/2023,SM,"Massy, 91, Essonne, Île-de-France",2022-10-27 17:14:12
UM EMERAUDE Corbeil TMC F Limité 3/6,"A.S. CORBEIL ESSONNES, CORBEIL ESSONNES","19,8 km",29/oct/2022,30/oct/2022,SD,"Massy, 91, Essonne, Île-de-France",2022-10-27 17:14:12
UM EMERAUDE Corbeil +35 et limité 15/3,"A.S. CORBEIL ESSONNES, CORBEIL ESSONNES","19,8 km",23/oct/2022,30/oct/2022,SD / SM,"Massy, 91, Essonne, Île-de-France",2022-10-27 17:14:13
UM EMERAUDE CORBEIL limité 30,"A.S. CORBEIL ESSONNES, CORBEIL ESSONNES","19,8 km",26/déc/2022,2/janv/2023,SD / SM,"Massy, 91, Essonne, Île-de-France",2022-10-27 17:14:13
UM EMERAUDE CORBEIL 11/12,"A.S. CORBEIL ESSONNES, CORBEIL ESSONNES","19,8 km",26/déc/2022,2/janv/2023,SD / SM,"Massy, 91, Essonne, Île-de-France",2022-10-27 17:14:13
UM EMERAUDE Corbeil OPEN,"A.S. CORBEIL ESSONNES, CORBEIL ESSONNES","19,8 km",23/oct/2022,30/oct/2022,SD / SM,"Massy, 91, Essonne, Île-de-France",2022-10-27 17:14:13
UM EMERAUDE CORBEIL TMC limité 13/14,"A.S. CORBEIL ESSONNES, CORBEIL ESSONNES","19,8 km",26/déc/2022,28/déc/2022,SD,"Massy, 91, Essonne, Île-de-France",2022-10-27 17:14:13
UM EMERAUDE CORBEIL TMC F limité 1/6,"A.S. CORBEIL ESSONNES, CORBEIL ESSONNES","19,8 km",31/déc/2022,2/janv/2023,SD,"Massy, 91, Essonne, Île-de-France",2022-10-27 17:14:13
UM EMERAUDE CORBEIL TMC 15/18,"A.S. CORBEIL ESSONNES, CORBEIL ESSONNES","19,8 km",28/déc/2022,30/déc/2022,SD / SM,"Massy, 91, Essonne, Île-de-France",2022-10-27 17:14:14
UM EMERAUDE Corbeil TMC H Limité 3/6,"A.S. CORBEIL ESSONNES, CORBEIL ESSONNES","19,8 km",28/oct/2022,30/oct/2022,SM,"Massy, 91, Essonne, Île-de-France",2022-10-27 17:14:14
Galaxie 8/10 ans vert - Courbevoie ST,"COURBEVOIE ST, COURBEVOIE","20,0 km",26/oct/2022,28/oct/2022,SD / SM,"Massy, 91, Essonne, Île-de-France",2022-10-27 17:14:14
Open 2eme série du CST,"COURBEVOIE ST, COURBEVOIE","20,0 km",17/déc/2022,29/déc/2022,SD / SM,"Massy, 91, Essonne, Île-de-France",2022-10-27 17:14:14
TEST,"A.S. FONTENAY LE FLEURY, FONTENAY LE FLEURY","20,0 km",24/oct/2022,10/nov/2022,DD / SD / DX,"Massy, 91, Essonne, Île-de-France",2022-10-27 17:14:14
tournoi jeunes 2022,"A.S. FONTENAY LE FLEURY, FONTENAY LE FLEURY","20,0 km",23/oct/2022,4/nov/2022,SD / SM,"Massy, 91, Essonne, Île-de-France",2022-10-27 17:14:14
TMC Hommes 30/2-15/4,"RED STAR CLUB DE CHAMPIGNY, CHAMPIGNY SUR MARNE","20,1 km",3/nov/2022,4/nov/2022,SM,"Massy, 91, Essonne, Île-de-France",2022-10-27 17:14:14
1er tournoi BNP PARIBAS,"A.S.C.BNP PARIBAS, LOUVECIENNES","20,2 km",15/sept/2022,9/juil/2023,DD / SD / DX / DM / SM,"Massy, 91, Essonne, Île-de-France",2022-10-27 17:14:15
Tournoi interne usf,"US FONTENAY, FONTENAY SOUS BOIS","20,3 km",1/sept/2022,8/janv/2023,SD / SM,"Massy, 91, Essonne, Île-de-France",2022-10-27 17:14:15
Tournoi pré qualificatif petits as,"US FONTENAY, FONTENAY SOUS BOIS","20,3 km",24/oct/2022,5/nov/2022,SD / SM,"Massy, 91, Essonne, Île-de-France",2022-10-27 17:14:15
Tournoi interne Hiver,"CHENNEVIERES TENNIS CLUB, CHENNEVIERES SUR MARNE","20,3 km",10/oct/2022,2/avr/2023,SD / SM,"Massy, 91, Essonne, Île-de-France",2022-10-27 17:14:15
TMC Dames,"CHENNEVIERES TENNIS CLUB, CHENNEVIERES SUR MARNE","20,3 km",25/oct/2022,27/oct/2022,SD,"Massy, 91, Essonne, Île-de-France",2022-10-27 17:14:15
TOURNOI JEUNES - LASA SPORT NOEL 2022,"LASA SPORT ORGANISATION, MONTREUIL","20,5 km",15/déc/2022,1/janv/2023,SD / SM,"Massy, 91, Essonne, Île-de-France",2022-10-27 17:14:15
TOURNOI OPEN - MASTERS LASA SPORT 2023 E2,"LASA SPORT ORGANISATION, MONTREUIL","20,5 km",17/nov/2022,11/déc/2022,SD / SM,"Massy, 91, Essonne, Île-de-France",2022-10-27 17:14:16
TOURNOI OPEN - MASTERS LASA SPORT 2023 E1,"LASA SPORT ORGANISATION, MONTREUIL","20,5 km",20/oct/2022,6/nov/2022,SD / SM,"Massy, 91, Essonne, Île-de-France",2022-10-27 17:14:18
TOURNOI OPEN - MASTERS LASA SPORT 2023 E3,"LASA SPORT ORGANISATION, MONTREUIL","20,5 km",15/déc/2022,1/janv/2023,SD / SM,"Massy, 91, Essonne, Île-de-France",2022-10-27 17:14:18
Country Cup Green - TMC Nov 22,"CSCA, LE PERREUX SUR MARNE","20,5 km",1/nov/2022,1/nov/2022,SM,"Massy, 91, Essonne, Île-de-France",2022-10-27 17:14:18
Double Dames 3ème série - soirée,"CSCA, LE PERREUX SUR MARNE","20,5 km",19/nov/2022,19/nov/2022,DD,"Massy, 91, Essonne, Île-de-France",2022-10-27 17:14:18
Double Mixte 4ème série - soirée,"CSCA, LE PERREUX SUR MARNE","20,5 km",26/nov/2022,26/nov/2022,DX,"Massy, 91, Essonne, Île-de-France",2022-10-27 17:14:18
TMC Messieurs 15/2 - 4/6 du Country,"CSCA, LE PERREUX SUR MARNE","20,5 km",25/oct/2022,27/oct/2022,SM,"Massy, 91, Essonne, Île-de-France",2022-10-27 17:14:19
Open du Country - Journée,"CSCA, LE PERREUX SUR MARNE","20,5 km",1/déc/2022,16/déc/2022,SM,"Massy, 91, Essonne, Île-de-France",2022-10-27 17:14:19
TMC Garçons 11/12 ans du Country,"CSCA, LE PERREUX SUR MARNE","20,5 km",16/déc/2022,18/déc/2022,SM,"Massy, 91, Essonne, Île-de-France",2022-10-27 17:14:19
TMC 15/16 ans (G) du Country,"CSCA, LE PERREUX SUR MARNE","20,5 km",27/oct/2022,28/oct/2022,SM,"Massy, 91, Essonne, Île-de-France",2022-10-27 17:14:19
Country Cup Orange - TMC Oct 22,"CSCA, LE PERREUX SUR MARNE","20,5 km",31/oct/2022,31/oct/2022,SM,"Massy, 91, Essonne, Île-de-France",2022-10-27 17:14:19
Country Cup Green - TMC Nov 22,"CSCA, LE PERREUX SUR MARNE","20,5 km",27/nov/2022,27/nov/2022,SM,"Massy, 91, Essonne, Île-de-France",2022-10-27 17:14:19
Country Cup Orange - TMC Nov 22,"CSCA, LE PERREUX SUR MARNE","20,5 km",20/nov/2022,20/nov/2022,SM,"Massy, 91, Essonne, Île-de-France",2022-10-27 17:14:19
TMC 11/12 Garçons,"GARENNOIS (TC), NANTERRE","20,5 km",2/nov/2022,3/nov/2022,SM,"Massy, 91, Essonne, Île-de-France",2022-10-27 17:14:20
TMC 11/12 Garçons,"GARENNOIS (TC), NANTERRE","20,5 km",4/nov/2022,5/nov/2022,SM,"Massy, 91, Essonne, Île-de-France",2022-10-27 17:14:20
Tournoi Jeunes 11/12 ans,"GARENNOIS (TC), NANTERRE","20,5 km",18/déc/2022,24/déc/2022,SD / SM,"Massy, 91, Essonne, Île-de-France",2022-10-27 17:14:20
Tournoi interne,"TC PANTIN, PANTIN","20,8 km",1/oct/2022,2/juil/2023,SD / SM,"Massy, 91, Essonne, Île-de-France",2022-10-27 17:14:20
TMC messieurs TCMBA 15 à 3/6,"T.C.M. BOIS D'ARCY, BOIS D ARCY","20,8 km",31/oct/2022,2/nov/2022,SM,"Massy, 91, Essonne, Île-de-France",2022-10-27 17:14:20
TMC messieurs TCMBA 30 à 15/3,"T.C.M. BOIS D'ARCY, BOIS D ARCY","20,8 km",1/nov/2022,3/nov/2022,SM,"Massy, 91, Essonne, Île-de-France",2022-10-27 17:14:20
TMC dames TCMBA 30 à 15/1 COMPLET,"T.C.M. BOIS D'ARCY, BOIS D ARCY","20,8 km",4/nov/2022,6/nov/2022,SD,"Massy, 91, Essonne, Île-de-France",2022-10-27 17:14:21
TMC messieurs TCMBA 15/3 à 15 COMPLET,"T.C.M. BOIS D'ARCY, BOIS D ARCY","20,8 km",5/nov/2022,6/nov/2022,SM,"Massy, 91, Essonne, Île-de-France",2022-10-27 17:14:21
TMC dames TCMBA 15/1 à 3/6 COMPLET,"T.C.M. BOIS D'ARCY, BOIS D ARCY","20,8 km",3/nov/2022,5/nov/2022,SD,"Massy, 91, Essonne, Île-de-France",2022-10-27 17:14:21
Tournoi jeunes 11/12 13/14 15/16 17/18,"T.C.M. BOIS D'ARCY, BOIS D ARCY","20,8 km",15/déc/2022,31/déc/2022,SD / SM,"Massy, 91, Essonne, Île-de-France",2022-10-27 17:14:21
TMC messieurs+35 ans 30/1 à 15/3 COMPLET,"T.C.M. BOIS D'ARCY, BOIS D ARCY","20,8 km",5/nov/2022,6/nov/2022,SM,"Massy, 91, Essonne, Île-de-France",2022-10-27 17:14:21
TMC messieurs TCMBA 30/3 à 30 COMPLET,"T.C.M. BOIS D'ARCY, BOIS D ARCY","20,8 km",29/oct/2022,30/oct/2022,SM,"Massy, 91, Essonne, Île-de-France",2022-10-27 17:14:21
TMC dames TCMBA NC à 30/1,"T.C.M. BOIS D'ARCY, BOIS D ARCY","20,8 km",29/oct/2022,30/oct/2022,SD,"Massy, 91, Essonne, Île-de-France",2022-10-27 17:14:21
TMC messieurs TCMBA NC à 30/3,"T.C.M. BOIS D'ARCY, BOIS D ARCY","20,8 km",31/oct/2022,1/nov/2022,SM,"Massy, 91, Essonne, Île-de-France",2022-10-27 17:14:22
Automne Mennecy 13/14 préqualif TIM,"T.C. MENNECY, MENNECY","20,9 km",23/oct/2022,6/nov/2022,SM,"Massy, 91, Essonne, Île-de-France",2022-10-27 17:14:22
Tournoi Automne Mennecy,"T.C. MENNECY, MENNECY","20,9 km",22/oct/2022,11/nov/2022,SD / SM,"Massy, 91, Essonne, Île-de-France",2022-10-27 17:14:22
Tournoi Automne Mennecy,"T.C. MENNECY, MENNECY","20,9 km",23/oct/2022,6/nov/2022,SD / SM,"Massy, 91, Essonne, Île-de-France",2022-10-27 17:14:22
Tournoi 8/10 ans Vert G - TC Croissy sur Seine,"T.C. CROISSY SUR SEINE, CROISSY SUR SEINE CEDEX","20,9 km",4/janv/2023,7/janv/2023,SM,"Massy, 91, Essonne, Île-de-France",2022-10-27 17:14:22
Tournoi Interne,"T.C. CROISSY SUR SEINE, CROISSY SUR SEINE CEDEX","20,9 km",15/oct/2022,11/juin/2023,SD / SM,"Massy, 91, Essonne, Île-de-France",2022-10-27 17:14:24
Tournoi Interne,"T.C. CROISSY SUR SEINE, CROISSY SUR SEINE CEDEX","20,9 km",15/oct/2022,11/juin/2023,SM,"Massy, 91, Essonne, Île-de-France",2022-10-27 17:14:25
Tournoi 11/18 ans G/F,"T.C. CROISSY SUR SEINE, CROISSY SUR SEINE CEDEX","20,9 km",17/déc/2022,2/janv/2023,SD / SM,"Massy, 91, Essonne, Île-de-France",2022-10-27 17:14:25
Tournoi interne de Combs-la-Ville,"COMBS LA VILLE TC, COMBS LA VILLE","20,9 km",1/sept/2022,29/janv/2023,SD / SM,"Massy, 91, Essonne, Île-de-France",2022-10-27 17:14:25
Tournoi interne de DOUBLES de Combs-la-Ville,"COMBS LA VILLE TC, COMBS LA VILLE","20,9 km",1/sept/2022,2/juil/2023,DD / DX / DM,"Massy, 91, Essonne, Île-de-France",2022-10-27 17:14:25
TOURNOI NOEL TC LES LILAS,"TC LES LILAS, LES LILAS","21,2 km",17/déc/2022,3/janv/2023,SD / SM,"Massy, 91, Essonne, Île-de-France",2022-10-27 17:14:25
Galaxie vert US Marly le Roi,"U.S. MARLY LE ROI, MARLY LE ROI","21,3 km",28/oct/2022,29/oct/2022,SM,"Massy, 91, Essonne, Île-de-France",2022-10-27 17:14:25
Tournoi interne 2023,"U.S. MARLY LE ROI, MARLY LE ROI","21,3 km",17/sept/2022,31/août/2023,SD / SM,"Massy, 91, Essonne, Île-de-France",2022-10-27 17:14:26
TMC Messieurs sur courts extérieurs,"T.C. HELENE BOUCHER, LE PORT MARLY","21,4 km",29/oct/2022,30/oct/2022,SM,"Massy, 91, Essonne, Île-de-France",2022-10-27 17:14:26
TC CHATOU - ORANGE FILLES & GARCONS - OCTOBRE,"T.C. CHATOU, CHATOU","21,9 km",27/oct/2022,28/oct/2022,SD / SM,"Massy, 91, Essonne, Île-de-France",2022-10-27 17:14:26
TC CHATOU - OPEN 11/18 ANS F & G - NOVEMBRE,"T.C. CHATOU, CHATOU","21,9 km",30/oct/2022,6/nov/2022,SD / SM,"Massy, 91, Essonne, Île-de-France",2022-10-27 17:14:26
TC CHATOU-TMC CONVOC 9H/14H-DECEMBRE-15/1 A 5/6,"T.C. CHATOU, CHATOU","21,9 km",12/déc/2022,16/déc/2022,SM,"Massy, 91, Essonne, Île-de-France",2022-10-27 17:14:26
TC CHATOU-TMC CONVOC 9H/14H-DECEMBRE-4/6 A 1/6,"T.C. CHATOU, CHATOU","21,9 km",12/déc/2022,16/déc/2022,SM,"Massy, 91, Essonne, Île-de-France",2022-10-27 17:14:26
TC CHATOU-TMC CONVOC 9H/14H-DECEMBRE-15 A 2/6,"T.C. CHATOU, CHATOU","21,9 km",12/déc/2022,16/déc/2022,SD,"Massy, 91, Essonne, Île-de-France",2022-10-27 17:14:26
TC CHATOU - OPEN SENIOR D/M & 45M - DECEMBRE,"T.C. CHATOU, CHATOU","21,9 km",17/déc/2022,1/janv/2023,SD / SM,"Massy, 91, Essonne, Île-de-France",2022-10-27 17:14:27
TC CHATOU - OPEN 11/18 ANS F & G - DECEMBRE,"T.C. CHATOU, CHATOU","21,9 km",26/déc/2022,2/janv/2023,SD / SM,"Massy, 91, Essonne, Île-de-France",2022-10-27 17:14:27
TOURNOI SENIOR 2022 de l'ETANG LA VILLE,"T.C. L'ETANG LA VILLE, L ETANG LA VILLE","22,0 km",22/oct/2022,6/nov/2022,SD / SM,"Massy, 91, Essonne, Île-de-France",2022-10-27 17:14:27
Galaxy 8/10 Garçons TCEV,"T.C. L'ETANG LA VILLE, L ETANG LA VILLE","22,0 km",17/déc/2022,17/déc/2022,SM,"Massy, 91, Essonne, Île-de-France",2022-10-27 17:14:27
Tournoi vert,"U.S. CARRIERES SUR SEINE, CARRIERES SUR SEINE","22,0 km",21/déc/2022,22/déc/2022,SD / SM,"Massy, 91, Essonne, Île-de-France",2022-10-27 17:14:27
tournoi des jeunes,"U.S. CARRIERES SUR SEINE, CARRIERES SUR SEINE","22,0 km",23/oct/2022,6/nov/2022,SM,"Massy, 91, Essonne, Île-de-France",2022-10-27 17:14:27
Tournoi orange,"U.S. CARRIERES SUR SEINE, CARRIERES SUR SEINE","22,0 km",19/déc/2022,20/déc/2022,SD / SM,"Massy, 91, Essonne, Île-de-France",2022-10-27 17:14:28
Tournoi Interne Hiver,"T.C. BONNELLES BULLION, BONNELLES","22,2 km",1/sept/2022,1/mars/2023,SM,"Massy, 91, Essonne, Île-de-France",2022-10-27 17:14:28
Tournoi Jeunes 3ème série AS Pyramides,"A.S. LES PYRAMIDES, LE PORT MARLY","22,2 km",22/oct/2022,28/oct/2022,SD / SM,"Massy, 91, Essonne, Île-de-France",2022-10-27 17:14:28
Tournoi Jeunes 4ème série,"A.S. LES PYRAMIDES, LE PORT MARLY","22,2 km",29/oct/2022,4/nov/2022,SD / SM,"Massy, 91, Essonne, Île-de-France",2022-10-27 17:14:28
Tournoi Semaine/Journée NC - 15/3,"A.S. LES PYRAMIDES, LE PORT MARLY","22,2 km",28/nov/2022,9/déc/2022,SD / SM,"Massy, 91, Essonne, Île-de-France",2022-10-27 17:14:28
TMC 30 - 15/3,"A.S. LES PYRAMIDES, LE PORT MARLY","22,2 km",19/déc/2022,22/déc/2022,SD / SM,"Massy, 91, Essonne, Île-de-France",2022-10-27 17:14:28
Tournoi Interne Senior,"MENIL (TC DU), ASNIERES SUR SEINE","22,2 km",13/nov/2022,18/juin/2023,SD / SM,"Massy, 91, Essonne, Île-de-France",2022-10-27 17:14:29
Tournoi Interne TCL,"LIEUSAINT TC, LIEUSAINT","22,6 km",1/nov/2022,24/juin/2023,SD / SM,"Massy, 91, Essonne, Île-de-France",2022-10-27 17:14:29
Tournoi Jeune Noël,"SOR Rosny tennis (Rosny-sous-Bois), Rosny-sous-Boi...","22,7 km",17/déc/2022,31/déc/2022,SD / SM,"Massy, 91, Essonne, Île-de-France",2022-10-27 17:14:29
Tournoi Open,"TENNIS CLUB AMIOT, COLOMBES","23,0 km",17/déc/2022,1/janv/2023,SD / SM,"Massy, 91, Essonne, Île-de-France",2022-10-27 17:14:29
Tournoi Open Petits AS,"TENNIS CLUB AMIOT, COLOMBES","23,0 km",18/déc/2022,1/janv/2023,SD / SM,"Massy, 91, Essonne, Île-de-France",2022-10-27 17:14:32
TMC 13/14 ans 4ème série,"ES VILLIERS, VILLIERS SUR MARNE","23,1 km",2/nov/2022,3/nov/2022,SM,"Massy, 91, Essonne, Île-de-France",2022-10-27 17:14:32
TMC HOMMES 4ème série,"ES VILLIERS, VILLIERS SUR MARNE","23,1 km",29/oct/2022,30/oct/2022,SM,"Massy, 91, Essonne, Île-de-France",2022-10-27 17:14:32
Tournoi interne ES Villiers,"ES VILLIERS, VILLIERS SUR MARNE","23,1 km",1/déc/2022,30/juin/2023,DD / SD / DX / DM / SM,"Massy, 91, Essonne, Île-de-France",2022-10-27 17:14:32
TMC 15/16 ans 4ème série,"ES VILLIERS, VILLIERS SUR MARNE","23,1 km",5/nov/2022,6/nov/2022,SM,"Massy, 91, Essonne, Île-de-France",2022-10-27 17:14:32
Tournois Permanents Adultes 3eme et 2nd serie,"GENNEVILLOIS (TC), GENNEVILLIERS","23,1 km",23/sept/2022,31/août/2023,SM,"Massy, 91, Essonne, Île-de-France",2022-10-27 17:14:32
Tournoi Orange,"GENNEVILLOIS (TC), GENNEVILLIERS","23,1 km",19/déc/2022,21/déc/2022,SD / SM,"Massy, 91, Essonne, Île-de-France",2022-10-27 17:14:32
Tournois Permanents Jeunes Annuel,"GENNEVILLOIS (TC), GENNEVILLIERS","23,1 km",23/sept/2022,31/août/2023,SD / SM,"Massy, 91, Essonne, Île-de-France",2022-10-27 17:14:33
Tournoi Grand Prix des Jeunes,"GENNEVILLOIS (TC), GENNEVILLIERS","23,1 km",31/oct/2022,6/nov/2022,SD / SM,"Massy, 91, Essonne, Île-de-France",2022-10-27 17:14:33
TOURNOI OPEN OCTOBRE 2022,"COLOMBES (TC), COLOMBES","23,2 km",22/oct/2022,6/nov/2022,SD / SM,"Massy, 91, Essonne, Île-de-France",2022-10-27 17:14:33
GP Jeunes CT PLESSIS,"CT DU PLESSIS TREVISE, LE PLESSIS TREVISE","23,4 km",22/oct/2022,30/oct/2022,SD / SM,"Massy, 91, Essonne, Île-de-France",2022-10-27 17:14:33
TOURNOI INTERNE 4EME SERIE,"TC NEUILLY SUR MARNE, NEUILLY SUR MARNE","23,6 km",1/janv/2023,24/juin/2023,SD / SM,"Massy, 91, Essonne, Île-de-France",2022-10-27 17:14:33
tournoi interne,"U.S. VESINET, LE VESINET","23,6 km",1/déc/2022,16/avr/2023,SD / SM,"Massy, 91, Essonne, Île-de-France",2022-10-27 17:14:33
TMC messieurs 30/2- 15/4,"ATHLETIC CLUB BOBIGNY, BOBIGNY","23,6 km",29/oct/2022,30/oct/2022,SM,"Massy, 91, Essonne, Île-de-France",2022-10-27 17:14:34
8-10 ans de Janvier,"LESIGNY USC, LESIGNY","23,7 km",14/janv/2023,15/janv/2023,SD / SM,"Massy, 91, Essonne, Île-de-France",2022-10-27 17:14:34
TMC 11/12 ans,"LESIGNY USC, LESIGNY","23,7 km",26/oct/2022,28/oct/2022,SD / SM,"Massy, 91, Essonne, Île-de-France",2022-10-27 17:14:34
TMC 3è série,"LESIGNY USC, LESIGNY","23,7 km",29/oct/2022,30/oct/2022,SM,"Massy, 91, Essonne, Île-de-France",2022-10-27 17:14:34
8/10 ans vert de décembre,"LESIGNY USC, LESIGNY","23,7 km",3/déc/2022,4/déc/2022,SD / SM,"Massy, 91, Essonne, Île-de-France",2022-10-27 17:14:34
TCH - Tournoi Interne Adultes,"T.C. HOUILLES, HOUILLES","23,8 km",20/janv/2023,26/mars/2023,SD / SM,"Massy, 91, Essonne, Île-de-France",2022-10-27 17:14:34
TC Houilles NC à 0,"T.C. HOUILLES, HOUILLES","23,8 km",21/oct/2022,6/nov/2022,SD / SM,"Massy, 91, Essonne, Île-de-France",2022-10-27 17:14:34
TCH - Tournoi Open Jeunes,"T.C. HOUILLES, HOUILLES","23,8 km",16/déc/2022,8/janv/2023,SD / SM,"Massy, 91, Essonne, Île-de-France",2022-10-27 17:14:35
Tournoi 8/9/10 ans G Vert,"T.C. VILLEPREUX, VILLEPREUX","23,8 km",10/déc/2022,11/déc/2022,SM,"Massy, 91, Essonne, Île-de-France",2022-10-27 17:14:35
Tournoi jeunes commun Villemomble-Gagny,"TC VILLEMOMBLE SPORTS, VILLEMOMBLE","23,9 km",29/oct/2022,6/nov/2022,SD / SM,"Massy, 91, Essonne, Île-de-France",2022-10-27 17:14:35
Tournoi open jeunes,"ARGENTEUIL TENNIS CLUB, ARGENTEUIL","24,0 km",24/oct/2022,6/nov/2022,SD / SM,"Massy, 91, Essonne, Île-de-France",2022-10-27 17:14:35
tournoi vert,"T.C. MONTESSON, MONTESSON","24,2 km",29/oct/2022,30/oct/2022,SM,"Massy, 91, Essonne, Île-de-France",2022-10-27 17:14:35
TMC Dames Octobre Rose,"AT NOISY LE GRAND, NOISY LE GRAND","24,4 km",29/oct/2022,30/oct/2022,SD,"Massy, 91, Essonne, Île-de-France",2022-10-27 17:14:35
57770041,"BRIE COMTE ROBERT SC BRIARD, BRIE COMTE ROBERT","24,4 km",20/nov/2022,20/nov/2022,SM,"Massy, 91, Essonne, Île-de-France",2022-10-27 17:14:36
57770041,"BRIE COMTE ROBERT SC BRIARD, BRIE COMTE ROBERT","24,4 km",22/oct/2022,6/nov/2022,SD / SM,"Massy, 91, Essonne, Île-de-France",2022-10-27 17:14:36
57770041,"BRIE COMTE ROBERT SC BRIARD, BRIE COMTE ROBERT","24,4 km",10/déc/2022,15/janv/2023,SD / SM,"Massy, 91, Essonne, Île-de-France",2022-10-27 17:14:36
57770041,"BRIE COMTE ROBERT SC BRIARD, BRIE COMTE ROBERT","24,4 km",17/déc/2022,15/janv/2023,SD / SM,"Massy, 91, Essonne, Île-de-France",2022-10-27 17:14:36
Tournoi open AVG TENNIS limité à 0,"VILLENEUVE-LA-GARENNE (AMICALE), VILLENEUVE LA GAR...","24,5 km",22/oct/2022,6/nov/2022,SD / SM,"Massy, 91, Essonne, Île-de-France",2022-10-27 17:14:38
TMC 18 ANS GARCONS & FILLES TC ELANCOURT,"T.C. ELANCOURT, ELANCOURT","24,6 km",18/déc/2022,19/déc/2022,SD / SM,"Massy, 91, Essonne, Île-de-France",2022-10-27 17:14:38
TMC 14 ET 18 ANS GARCONS TC ELANCOURT,"T.C. ELANCOURT, ELANCOURT","24,6 km",22/déc/2022,23/déc/2022,SM,"Massy, 91, Essonne, Île-de-France",2022-10-27 17:14:39
TMC 14 ANS GARCONS & FILLES TC ELANCOURT,"T.C. ELANCOURT, ELANCOURT","24,6 km",20/déc/2022,21/déc/2022,SD / SM,"Massy, 91, Essonne, Île-de-France",2022-10-27 17:14:39
TMC VERT MIXTE TC ELANCOURT,"T.C. ELANCOURT, ELANCOURT","24,6 km",22/déc/2022,23/déc/2022,SM,"Massy, 91, Essonne, Île-de-France",2022-10-27 17:14:39
TMC ORANGE MIXTE TC ELANCOURT,"T.C. ELANCOURT, ELANCOURT","24,6 km",11/déc/2022,11/déc/2022,SM,"Massy, 91, Essonne, Île-de-France",2022-10-27 17:14:39
Tournoi de La Verrière (ATLV) NC à 3/6,"A.T. LA VERRIERE, LA VERRIERE","24,7 km",7/janv/2023,29/janv/2023,SD / SM,"Massy, 91, Essonne, Île-de-France",2022-10-27 17:14:39
Pré-qualification aux Petits AS,"AS BONDY, BONDY","25,1 km",23/oct/2022,6/nov/2022,SD / SM,"Massy, 91, Essonne, Île-de-France",2022-10-27 17:14:39
TMC Bondy garçons d'Halloween,"AS BONDY, BONDY","25,1 km",29/oct/2022,30/oct/2022,SM,"Massy, 91, Essonne, Île-de-France",2022-10-27 17:14:40
TMC MESSIEURS SEP TENNIS GUY HOQUET TOUR,"SE PAVILLONS TENNIS, LES PAVILLONS SOUS BOIS","25,1 km",1/nov/2022,4/nov/2022,SM,"Massy, 91, Essonne, Île-de-France",2022-10-27 17:14:40
TMC DAMES SEP TENNIS GUY HOQUET TOUR,"SE PAVILLONS TENNIS, LES PAVILLONS SOUS BOIS","25,1 km",1/nov/2022,4/nov/2022,SD,"Massy, 91, Essonne, Île-de-France",2022-10-27 17:14:40
TMC VERT filles/garcon,"MOISSY CRAMAYEL TCMC, MOISSY CRAMAYEL","25,4 km",5/nov/2022,6/nov/2022,SM,"Massy, 91, Essonne, Île-de-France",2022-10-27 17:14:40
TOURNOI INTERNE TCMC MOISSY CRAMAYEL,"MOISSY CRAMAYEL TCMC, MOISSY CRAMAYEL","25,4 km",2/janv/2023,25/juin/2023,SD / SM,"Massy, 91, Essonne, Île-de-France",2022-10-27 17:14:40
TOURNOI MULTI CHANCES 4EME SERIE NC à 30/1,"MOISSY CRAMAYEL TCMC, MOISSY CRAMAYEL","25,4 km",17/déc/2022,18/déc/2022,SM,"Massy, 91, Essonne, Île-de-France",2022-10-27 17:14:40
Tournoi interne du TCMR,"T.C. LE MESNIL LE ROI, LE MESNIL LE ROI","26,2 km",10/oct/2022,2/avr/2023,SD / SM,"Massy, 91, Essonne, Île-de-France",2022-10-27 17:14:41
LES PETITS AS TC PLAISIR,"T.C. PLAISIR, PLAISIR","26,2 km",22/oct/2022,4/nov/2022,SD / SM,"Massy, 91, Essonne, Île-de-France",2022-10-27 17:14:41
8-9 10A ORANGE TC PLAISIR,"T.C. PLAISIR, PLAISIR","26,2 km",19/déc/2022,20/déc/2022,SM,"Massy, 91, Essonne, Île-de-France",2022-10-27 17:14:41
TMC Dames 15/3 4/6,"ES RAINCY TENNIS, LE RAINCY","26,3 km",4/nov/2022,6/nov/2022,SD,"Massy, 91, Essonne, Île-de-France",2022-10-27 17:14:41
TMC Messieurs 15/2 4/6,"ES RAINCY TENNIS, LE RAINCY","26,3 km",4/nov/2022,6/nov/2022,SM,"Massy, 91, Essonne, Île-de-France",2022-10-27 17:14:41
TMC interne NC 30,"ES RAINCY TENNIS, LE RAINCY","26,3 km",20/janv/2023,23/janv/2023,SM,"Massy, 91, Essonne, Île-de-France",2022-10-27 17:14:42
TMC Dames 15/3 4/6,"ES RAINCY TENNIS, LE RAINCY","26,3 km",26/déc/2022,29/déc/2022,SD,"Massy, 91, Essonne, Île-de-France",2022-10-27 17:14:42
TMC Dames 30/2 - 15/4,"ES RAINCY TENNIS, LE RAINCY","26,3 km",17/déc/2022,20/déc/2022,SD,"Massy, 91, Essonne, Île-de-France",2022-10-27 17:14:42
4e serie hommes,"ES RAINCY TENNIS, LE RAINCY","26,3 km",17/déc/2022,20/déc/2022,SM,"Massy, 91, Essonne, Île-de-France",2022-10-27 17:14:42
TMC 30 15/3 messieurs,"ES RAINCY TENNIS, LE RAINCY","26,3 km",26/déc/2022,29/déc/2022,SM,"Massy, 91, Essonne, Île-de-France",2022-10-27 17:14:42
TMC Orange,"SARTROUVILLE T.C., SARTROUVILLE","26,4 km",19/déc/2022,21/déc/2022,SM,"Massy, 91, Essonne, Île-de-France",2022-10-27 17:14:42
TMC Vert,"SARTROUVILLE T.C., SARTROUVILLE","26,4 km",20/déc/2022,22/déc/2022,SM,"Massy, 91, Essonne, Île-de-France",2022-10-27 17:14:43
TMC 13/14 ans Garçons,"SARTROUVILLE T.C., SARTROUVILLE","26,4 km",28/oct/2022,29/oct/2022,SM,"Massy, 91, Essonne, Île-de-France",2022-10-27 17:14:43
TMC 11/14 Filles,"SARTROUVILLE T.C., SARTROUVILLE","26,4 km",31/oct/2022,1/nov/2022,SD,"Massy, 91, Essonne, Île-de-France",2022-10-27 17:14:43
TMC Adultes,"SARTROUVILLE T.C., SARTROUVILLE","26,4 km",4/nov/2022,6/nov/2022,SD / SM,"Massy, 91, Essonne, Île-de-France",2022-10-27 17:14:43
TMC 15/18 ans Garçons,"SARTROUVILLE T.C., SARTROUVILLE","26,4 km",2/nov/2022,3/nov/2022,SM,"Massy, 91, Essonne, Île-de-France",2022-10-27 17:14:43
Tournoi de la Toussaint CT Chavenay,"C.T. CHAVENAY, CHAVENAY","26,5 km",22/oct/2022,7/nov/2022,SD / SM,"Massy, 91, Essonne, Île-de-France",2022-10-27 17:14:46
18ème OPEN FEMININ CAVERIVIERE,"CD SEINE ST DENIS, AULNAY SOUS BOIS","26,6 km",5/nov/2022,20/nov/2022,DD / SD,"Massy, 91, Essonne, Île-de-France",2022-10-27 17:14:46
TMC 8/10 ANS ORANGE FILLES,"CD SEINE ST DENIS, AULNAY SOUS BOIS","26,6 km",26/nov/2022,26/nov/2022,SD,"Massy, 91, Essonne, Île-de-France",2022-10-27 17:14:46
TMC 8/10 Ans VERT G&F,"CD SEINE ST DENIS, AULNAY SOUS BOIS","26,6 km",17/déc/2022,18/déc/2022,SD / SM,"Massy, 91, Essonne, Île-de-France",2022-10-27 17:14:46
TMC 8/10 ans Orange Filles,"CD SEINE ST DENIS, AULNAY SOUS BOIS","26,6 km",21/janv/2023,21/janv/2023,SD,"Massy, 91, Essonne, Île-de-France",2022-10-27 17:14:46
TMC 30à15/4 OCTOBRE ROSE.3 matchs.Boissons offert,"BLANC-MESNIL SPORT TENNIS, LE BLANC MESNIL","27,3 km",29/oct/2022,30/oct/2022,DM / SM,"Massy, 91, Essonne, Île-de-France",2022-10-27 17:14:46
TMC 15/3à15/1 OCTOBRE ROSE.3matchs.Boissons offert,"BLANC-MESNIL SPORT TENNIS, LE BLANC MESNIL","27,3 km",29/oct/2022,30/oct/2022,SM,"Massy, 91, Essonne, Île-de-France",2022-10-27 17:14:47
tournoi interne 23,"EVRY GREGY TC, EVRY GREGY SUR YERRE","27,3 km",1/déc/2022,16/avr/2023,SM,"Massy, 91, Essonne, Île-de-France",2022-10-27 17:14:47
TMC orange 8/10 ans,"CHAMPS SUR MARNE TC, CHAMPS SUR MARNE","27,6 km",11/nov/2022,11/nov/2022,SD / SM,"Massy, 91, Essonne, Île-de-France",2022-10-27 17:14:47
TMC 11/12 30/1 - 15/4,"CHAMPS SUR MARNE TC, CHAMPS SUR MARNE","27,6 km",31/déc/2022,2/janv/2023,SM,"Massy, 91, Essonne, Île-de-France",2022-10-27 17:14:47
TMC SENIOR +,"ROISSY EN BRIE AST, ROISSY EN BRIE","27,6 km",15/janv/2023,15/janv/2023,SM,"Massy, 91, Essonne, Île-de-France",2022-10-27 17:14:47
TMC 11/14 garçons,"ROISSY EN BRIE AST, ROISSY EN BRIE","27,6 km",10/déc/2022,11/déc/2022,SM,"Massy, 91, Essonne, Île-de-France",2022-10-27 17:14:47
TMC 13/16 ans garçons,"ROISSY EN BRIE AST, ROISSY EN BRIE","27,6 km",5/nov/2022,6/nov/2022,SM,"Massy, 91, Essonne, Île-de-France",2022-10-27 17:14:48
TOURNOI PRE-QUALIFICATIF TIM ESSONNE 2023,"CD YVELINES, FEUCHEROLLES","27,6 km",19/déc/2022,30/déc/2022,SD / SM,"Massy, 91, Essonne, Île-de-France",2022-10-27 17:14:48
TMC CHAMBOURCY 30/1 à 15/5 (COMPLET),"A.S.M. CHAMBOURCY, CHAMBOURCY","27,8 km",5/nov/2022,6/nov/2022,SD,"Massy, 91, Essonne, Île-de-France",2022-10-27 17:14:48
TMC CHAMBOURCY,"A.S.M. CHAMBOURCY, CHAMBOURCY","27,8 km",2/nov/2022,4/nov/2022,SD / SM,"Massy, 91, Essonne, Île-de-France",2022-10-27 17:14:48
TMC CHAMBOURCY 30 à 15/3 (COMPLET),"A.S.M. CHAMBOURCY, CHAMBOURCY","27,8 km",5/nov/2022,6/nov/2022,SM,"Massy, 91, Essonne, Île-de-France",2022-10-27 17:14:48
TMC SENIOR 15 à 1/6,"ESPERANCE SPORTIVE STAINS, STAINS","27,9 km",26/oct/2022,29/oct/2022,SM,"Massy, 91, Essonne, Île-de-France",2022-10-27 17:14:48
Tournoi interne,"LOGNES TC, LOGNES","28,0 km",1/nov/2022,30/avr/2023,SD / SM,"Massy, 91, Essonne, Île-de-France",2022-10-27 17:14:49
TMC Vert 9/10ans Filles,"MONTFERMEIL TENNIS 93, MONTFERMEIL","28,0 km",18/déc/2022,18/déc/2022,SD,"Massy, 91, Essonne, Île-de-France",2022-10-27 17:14:49
Tournoi Open Femmes et Hommes 15/3 N1,"MONTFERMEIL TENNIS 93, MONTFERMEIL","28,0 km",24/déc/2022,8/janv/2023,SD / SM,"Massy, 91, Essonne, Île-de-France",2022-10-27 17:14:49
Tournoi Hommes NC à 15/4,"MONTFERMEIL TENNIS 93, MONTFERMEIL","28,0 km",24/déc/2022,8/janv/2023,SM,"Massy, 91, Essonne, Île-de-France",2022-10-27 17:14:49
TMC 8ans Orange,"MONTFERMEIL TENNIS 93, MONTFERMEIL","28,0 km",11/déc/2022,11/déc/2022,SD / SM,"Massy, 91, Essonne, Île-de-France",2022-10-27 17:14:49
Tournoi Jeunes Montfermeil,"MONTFERMEIL TENNIS 93, MONTFERMEIL","28,0 km",31/oct/2022,5/nov/2022,SD / SM,"Massy, 91, Essonne, Île-de-France",2022-10-27 17:14:49
Tournoi Montmagny Toussaint,"MONTMAGNY CH GRIMAUD TC, MONTMAGNY","28,0 km",23/oct/2022,6/nov/2022,SM,"Massy, 91, Essonne, Île-de-France",2022-10-27 17:14:50
tournoi noel,"ENGHIEN TC, ST GRATIEN","28,3 km",17/déc/2022,1/janv/2023,SD / SM,"Massy, 91, Essonne, Île-de-France",2022-10-27 17:14:50
TMC HOMMES 30 à 15/4 - 12 joueurs,"SAINT GRATIEN TC, ST GRATIEN","28,3 km",17/déc/2022,18/déc/2022,SM,"Massy, 91, Essonne, Île-de-France",2022-10-27 17:14:50
TMC DAMES De NC à 30/1 16 joueuses,"SAINT GRATIEN TC, ST GRATIEN","28,3 km",5/nov/2022,6/nov/2022,SD,"Massy, 91, Essonne, Île-de-France",2022-10-27 17:14:50
Tournoi Interne SGTC,"SAINT GRATIEN TC, ST GRATIEN","28,3 km",1/oct/2022,31/juil/2023,DD / SD / DX / DM / SM,"Massy, 91, Essonne, Île-de-France",2022-10-27 17:14:50
Tournoi interne Dourdan,"T.C. DOURDAN, DOURDAN","28,3 km",22/oct/2022,21/mai/2023,SD,"Massy, 91, Essonne, Île-de-France",2022-10-27 17:14:51
Tournoi interne Dourdan,"T.C. DOURDAN, DOURDAN","28,3 km",22/oct/2022,21/mai/2023,DX / SM,"Massy, 91, Essonne, Île-de-France",2022-10-27 17:14:53
Tournoi interne double Dourdan,"T.C. DOURDAN, DOURDAN","28,3 km",22/oct/2022,21/mai/2023,DM,"Massy, 91, Essonne, Île-de-France",2022-10-27 17:14:53
"TMC Jeunes d'automne 2, 11-14 ans et 15-18ans","T.C. DOURDAN, DOURDAN","28,3 km",26/oct/2022,28/oct/2022,SD / SM,"Massy, 91, Essonne, Île-de-France",2022-10-27 17:14:53
TMC 13-14 Fille NC- 30,"TC CLICHY SOUS BOIS, CLICHY SOUS BOIS","28,4 km",31/oct/2022,31/oct/2022,SD,"Massy, 91, Essonne, Île-de-France",2022-10-27 17:14:53
TMC 8/10 garçons NC A 30,"TC CLICHY SOUS BOIS, CLICHY SOUS BOIS","28,4 km",19/déc/2022,19/déc/2022,SM,"Massy, 91, Essonne, Île-de-France",2022-10-27 17:14:53
TMC FILLES 11/12 ANS NC-30/3,"TC CLICHY SOUS BOIS, CLICHY SOUS BOIS","28,4 km",21/déc/2022,21/déc/2022,SD,"Massy, 91, Essonne, Île-de-France",2022-10-27 17:14:54
TMC 8/10 FILLES,"TC CLICHY SOUS BOIS, CLICHY SOUS BOIS","28,4 km",20/déc/2022,20/déc/2022,SD,"Massy, 91, Essonne, Île-de-France",2022-10-27 17:14:54
TMC 8/10 garçons,"TC CLICHY SOUS BOIS, CLICHY SOUS BOIS","28,4 km",3/nov/2022,3/nov/2022,SM,"Massy, 91, Essonne, Île-de-France",2022-10-27 17:14:54
TMC DOUBLE H,"TC CLICHY SOUS BOIS, CLICHY SOUS BOIS","28,4 km",27/nov/2022,27/nov/2022,DM,"Massy, 91, Essonne, Île-de-France",2022-10-27 17:14:54
TMC 8/10 Filles,"TC CLICHY SOUS BOIS, CLICHY SOUS BOIS","28,4 km",2/nov/2022,2/nov/2022,SD,"Massy, 91, Essonne, Île-de-France",2022-10-27 17:14:54
DOUBLE HOMME,"TC CLICHY SOUS BOIS, CLICHY SOUS BOIS","28,4 km",18/déc/2022,18/déc/2022,DM,"Massy, 91, Essonne, Île-de-France",2022-10-27 17:14:54
TMC 11/12 F 30/4- 30,"TC CLICHY SOUS BOIS, CLICHY SOUS BOIS","28,4 km",27/oct/2022,27/oct/2022,SD,"Massy, 91, Essonne, Île-de-France",2022-10-27 17:14:55
tournoi jeune,"LES ESSARTS T.C., LES ESSARTS LE ROI","28,4 km",23/oct/2022,6/nov/2022,SD / SM,"Massy, 91, Essonne, Île-de-France",2022-10-27 17:14:55
SM - SD - +55M - 11/12 G/F - 13/14 G/F - 15/16 G/F,"SANNOIS OSS TENNIS-SQUASH-BADMINTON-PADEL, SANNOIS","28,5 km",16/déc/2022,1/janv/2023,SD / SM,"Massy, 91, Essonne, Île-de-France",2022-10-27 17:14:55
Trophée Alain Gillet 2023,"CD SEINE ET MARNE, CROISSY BEAUBOURG","28,8 km",15/nov/2022,10/avr/2023,SD / SM,"Massy, 91, Essonne, Île-de-France",2022-10-27 17:14:55
Trophée Tennis Entreprise - Villages Nature Paris,"CD SEINE ET MARNE, CROISSY BEAUBOURG","28,8 km",1/oct/2022,12/mars/2023,SD / SM,"Massy, 91, Essonne, Île-de-France",2022-10-27 17:14:55
TOURNOI CAT TOUSSAINT 2022,"CLUB AULNAYSIEN DE TENNIS, AULNAY SOUS BOIS","28,9 km",21/oct/2022,5/nov/2022,SD / SM,"Massy, 91, Essonne, Île-de-France",2022-10-27 17:14:55
Tournoi galaxie Vert Garçon,"T.C. ST LOUIS DE POISSY, POISSY","28,9 km",26/oct/2022,27/oct/2022,SM,"Massy, 91, Essonne, Île-de-France",2022-10-27 17:14:56
Tournoi Interne 2023 (ouvert à 2 clubs Oxygen PSA),"T.C. ST LOUIS DE POISSY, POISSY","28,9 km",31/oct/2022,2/juil/2023,SD / SM,"Massy, 91, Essonne, Île-de-France",2022-10-27 17:14:56
Tournoi galaxie Vert fille,"T.C. ST LOUIS DE POISSY, POISSY","28,9 km",26/oct/2022,27/oct/2022,SD,"Massy, 91, Essonne, Île-de-France",2022-10-27 17:14:56
Tournoi YVAN CHOLLET 2022,"OZOIR LA FERRIERE TC, OZOIR LA FERRIERE","29,2 km",18/déc/2022,8/janv/2023,SD / SM,"Massy, 91, Essonne, Île-de-France",2022-10-27 17:14:56
Orange US St Arnoult,"U.S. SAINT ARNOULT TENNIS, ST ARNOULT EN YVELINES","29,2 km",27/déc/2022,28/déc/2022,SD / SM,"Massy, 91, Essonne, Île-de-France",2022-10-27 17:14:56
Vert Galaxie Noël US St Arnoult,"U.S. SAINT ARNOULT TENNIS, ST ARNOULT EN YVELINES","29,2 km",29/déc/2022,30/déc/2022,SD / SM,"Massy, 91, Essonne, Île-de-France",2022-10-27 17:14:57
Vert Noël US St Arnoult,"U.S. SAINT ARNOULT TENNIS, ST ARNOULT EN YVELINES","29,2 km",17/déc/2022,23/déc/2022,SD / SM,"Massy, 91, Essonne, Île-de-France",2022-10-27 17:14:57
Jeunes US St Arnoult,"U.S. SAINT ARNOULT TENNIS, ST ARNOULT EN YVELINES","29,2 km",24/oct/2022,4/nov/2022,SD / SM,"Massy, 91, Essonne, Île-de-France",2022-10-27 17:14:57
TMC de Toussaint en journée,"TC LIVRY GARGAN, LIVRY GARGAN","29,2 km",30/oct/2022,31/oct/2022,DM / SM,"Massy, 91, Essonne, Île-de-France",2022-10-27 17:14:57
TMC 11/12 ans,"TC LIVRY GARGAN, LIVRY GARGAN","29,2 km",2/nov/2022,3/nov/2022,SM,"Massy, 91, Essonne, Île-de-France",2022-10-27 17:14:57
TOURNOI OPEN JEUNES,"ERMONT A.C.T., ERMONT","29,2 km",21/oct/2022,30/oct/2022,SD / SM,"Massy, 91, Essonne, Île-de-France",2022-10-27 17:14:57
Tournoi interne 4e série,"CESSON AT VERT ST DENIS, VERT-SAINT-DENIS","29,6 km",1/janv/2023,25/juin/2023,SM,"Massy, 91, Essonne, Île-de-France",2022-10-27 17:14:58
Tournoi Orange,"CESSON AT VERT ST DENIS, VERT-SAINT-DENIS","29,6 km",22/janv/2023,22/janv/2023,SM,"Massy, 91, Essonne, Île-de-France",2022-10-27 17:14:58
